[
  {
    "url": "https://api.github.com/repos/bytecodealliance/wasm-micro-runtime/issues/2118",
    "repository_url": "https://api.github.com/repos/bytecodealliance/wasm-micro-runtime",
    "labels_url": "https://api.github.com/repos/bytecodealliance/wasm-micro-runtime/issues/2118/labels{/name}",
    "comments_url": "https://api.github.com/repos/bytecodealliance/wasm-micro-runtime/issues/2118/comments",
    "events_url": "https://api.github.com/repos/bytecodealliance/wasm-micro-runtime/issues/2118/events",
    "html_url": "https://github.com/bytecodealliance/wasm-micro-runtime/pull/2118",
    "id": 1658482954,
    "node_id": "PR_kwDOCwGZ2s5N0moC",
    "number": 2118,
    "title": "Fix GC loader issue, refine call_indirect",
    "user": {
      "login": "wenyongh",
      "id": 20393758,
      "node_id": "MDQ6VXNlcjIwMzkzNzU4",
      "avatar_url": "https://avatars.githubusercontent.com/u/20393758?v=4",
      "gravatar_id": "",
      "url": "https://api.github.com/users/wenyongh",
      "html_url": "https://github.com/wenyongh",
      "followers_url": "https://api.github.com/users/wenyongh/followers",
      "following_url": "https://api.github.com/users/wenyongh/following{/other_user}",
      "gists_url": "https://api.github.com/users/wenyongh/gists{/gist_id}",
      "starred_url": "https://api.github.com/users/wenyongh/starred{/owner}{/repo}",
      "subscriptions_url": "https://api.github.com/users/wenyongh/subscriptions",
      "organizations_url": "https://api.github.com/users/wenyongh/orgs",
      "repos_url": "https://api.github.com/users/wenyongh/repos",
      "events_url": "https://api.github.com/users/wenyongh/events{/privacy}",
      "received_events_url": "https://api.github.com/users/wenyongh/received_events",
      "type": "User",
      "site_admin": false
    },
    "labels": [

    ],
    "state": "closed",
    "locked": false,
    "assignee": null,
    "assignees": [

    ],
    "milestone": null,
    "comments": 0,
    "created_at": "2023-04-07T07:35:56Z",
    "updated_at": "2023-04-07T08:18:05Z",
    "closed_at": "2023-04-07T08:18:05Z",
    "author_association": "CONTRIBUTOR",
    "active_lock_reason": null,
    "draft": false,
    "pull_request": {
      "url": "https://api.github.com/repos/bytecodealliance/wasm-micro-runtime/pulls/2118",
      "html_url": "https://github.com/bytecodealliance/wasm-micro-runtime/pull/2118",
      "diff_url": "https://github.com/bytecodealliance/wasm-micro-runtime/pull/2118.diff",
      "patch_url": "https://github.com/bytecodealliance/wasm-micro-runtime/pull/2118.patch",
      "merged_at": "2023-04-07T08:18:05Z"
    },
    "body": null,
    "reactions": {
      "url": "https://api.github.com/repos/bytecodealliance/wasm-micro-runtime/issues/2118/reactions",
      "total_count": 0,
      "+1": 0,
      "-1": 0,
      "laugh": 0,
      "hooray": 0,
      "confused": 0,
      "heart": 0,
      "rocket": 0,
      "eyes": 0
    },
    "timeline_url": "https://api.github.com/repos/bytecodealliance/wasm-micro-runtime/issues/2118/timeline",
    "performed_via_github_app": null,
    "state_reason": null
  },
  {
    "url": "https://api.github.com/repos/bytecodealliance/wasm-micro-runtime/issues/2117",
    "repository_url": "https://api.github.com/repos/bytecodealliance/wasm-micro-runtime",
    "labels_url": "https://api.github.com/repos/bytecodealliance/wasm-micro-runtime/issues/2117/labels{/name}",
    "comments_url": "https://api.github.com/repos/bytecodealliance/wasm-micro-runtime/issues/2117/comments",
    "events_url": "https://api.github.com/repos/bytecodealliance/wasm-micro-runtime/issues/2117/events",
    "html_url": "https://github.com/bytecodealliance/wasm-micro-runtime/pull/2117",
    "id": 1658315941,
    "node_id": "PR_kwDOCwGZ2s5N0F6l",
    "number": 2117,
    "title": "Merge branch main into gitbook",
    "user": {
      "login": "wenyongh",
      "id": 20393758,
      "node_id": "MDQ6VXNlcjIwMzkzNzU4",
      "avatar_url": "https://avatars.githubusercontent.com/u/20393758?v=4",
      "gravatar_id": "",
      "url": "https://api.github.com/users/wenyongh",
      "html_url": "https://github.com/wenyongh",
      "followers_url": "https://api.github.com/users/wenyongh/followers",
      "following_url": "https://api.github.com/users/wenyongh/following{/other_user}",
      "gists_url": "https://api.github.com/users/wenyongh/gists{/gist_id}",
      "starred_url": "https://api.github.com/users/wenyongh/starred{/owner}{/repo}",
      "subscriptions_url": "https://api.github.com/users/wenyongh/subscriptions",
      "organizations_url": "https://api.github.com/users/wenyongh/orgs",
      "repos_url": "https://api.github.com/users/wenyongh/repos",
      "events_url": "https://api.github.com/users/wenyongh/events{/privacy}",
      "received_events_url": "https://api.github.com/users/wenyongh/received_events",
      "type": "User",
      "site_admin": false
    },
    "labels": [

    ],
    "state": "closed",
    "locked": false,
    "assignee": null,
    "assignees": [

    ],
    "milestone": null,
    "comments": 0,
    "created_at": "2023-04-07T03:34:02Z",
    "updated_at": "2023-04-07T03:59:52Z",
    "closed_at": "2023-04-07T03:59:52Z",
    "author_association": "CONTRIBUTOR",
    "active_lock_reason": null,
    "draft": false,
    "pull_request": {
      "url": "https://api.github.com/repos/bytecodealliance/wasm-micro-runtime/pulls/2117",
      "html_url": "https://github.com/bytecodealliance/wasm-micro-runtime/pull/2117",
      "diff_url": "https://github.com/bytecodealliance/wasm-micro-runtime/pull/2117.diff",
      "patch_url": "https://github.com/bytecodealliance/wasm-micro-runtime/pull/2117.patch",
      "merged_at": "2023-04-07T03:59:52Z"
    },
    "body": null,
    "reactions": {
      "url": "https://api.github.com/repos/bytecodealliance/wasm-micro-runtime/issues/2117/reactions",
      "total_count": 0,
      "+1": 0,
      "-1": 0,
      "laugh": 0,
      "hooray": 0,
      "confused": 0,
      "heart": 0,
      "rocket": 0,
      "eyes": 0
    },
    "timeline_url": "https://api.github.com/repos/bytecodealliance/wasm-micro-runtime/issues/2117/timeline",
    "performed_via_github_app": null,
    "state_reason": null
  },
  {
    "url": "https://api.github.com/repos/bytecodealliance/wasm-micro-runtime/issues/2116",
    "repository_url": "https://api.github.com/repos/bytecodealliance/wasm-micro-runtime",
    "labels_url": "https://api.github.com/repos/bytecodealliance/wasm-micro-runtime/issues/2116/labels{/name}",
    "comments_url": "https://api.github.com/repos/bytecodealliance/wasm-micro-runtime/issues/2116/comments",
    "events_url": "https://api.github.com/repos/bytecodealliance/wasm-micro-runtime/issues/2116/events",
    "html_url": "https://github.com/bytecodealliance/wasm-micro-runtime/pull/2116",
    "id": 1658315618,
    "node_id": "PR_kwDOCwGZ2s5N0F2o",
    "number": 2116,
    "title": "Merge branch main into dev/segue_opt",
    "user": {
      "login": "wenyongh",
      "id": 20393758,
      "node_id": "MDQ6VXNlcjIwMzkzNzU4",
      "avatar_url": "https://avatars.githubusercontent.com/u/20393758?v=4",
      "gravatar_id": "",
      "url": "https://api.github.com/users/wenyongh",
      "html_url": "https://github.com/wenyongh",
      "followers_url": "https://api.github.com/users/wenyongh/followers",
      "following_url": "https://api.github.com/users/wenyongh/following{/other_user}",
      "gists_url": "https://api.github.com/users/wenyongh/gists{/gist_id}",
      "starred_url": "https://api.github.com/users/wenyongh/starred{/owner}{/repo}",
      "subscriptions_url": "https://api.github.com/users/wenyongh/subscriptions",
      "organizations_url": "https://api.github.com/users/wenyongh/orgs",
      "repos_url": "https://api.github.com/users/wenyongh/repos",
      "events_url": "https://api.github.com/users/wenyongh/events{/privacy}",
      "received_events_url": "https://api.github.com/users/wenyongh/received_events",
      "type": "User",
      "site_admin": false
    },
    "labels": [

    ],
    "state": "closed",
    "locked": false,
    "assignee": null,
    "assignees": [

    ],
    "milestone": null,
    "comments": 0,
    "created_at": "2023-04-07T03:33:23Z",
    "updated_at": "2023-04-07T04:00:29Z",
    "closed_at": "2023-04-07T04:00:29Z",
    "author_association": "CONTRIBUTOR",
    "active_lock_reason": null,
    "draft": false,
    "pull_request": {
      "url": "https://api.github.com/repos/bytecodealliance/wasm-micro-runtime/pulls/2116",
      "html_url": "https://github.com/bytecodealliance/wasm-micro-runtime/pull/2116",
      "diff_url": "https://github.com/bytecodealliance/wasm-micro-runtime/pull/2116.diff",
      "patch_url": "https://github.com/bytecodealliance/wasm-micro-runtime/pull/2116.patch",
      "merged_at": "2023-04-07T04:00:29Z"
    },
    "body": null,
    "reactions": {
      "url": "https://api.github.com/repos/bytecodealliance/wasm-micro-runtime/issues/2116/reactions",
      "total_count": 0,
      "+1": 0,
      "-1": 0,
      "laugh": 0,
      "hooray": 0,
      "confused": 0,
      "heart": 0,
      "rocket": 0,
      "eyes": 0
    },
    "timeline_url": "https://api.github.com/repos/bytecodealliance/wasm-micro-runtime/issues/2116/timeline",
    "performed_via_github_app": null,
    "state_reason": null
  },
  {
    "url": "https://api.github.com/repos/bytecodealliance/wasm-micro-runtime/issues/2115",
    "repository_url": "https://api.github.com/repos/bytecodealliance/wasm-micro-runtime",
    "labels_url": "https://api.github.com/repos/bytecodealliance/wasm-micro-runtime/issues/2115/labels{/name}",
    "comments_url": "https://api.github.com/repos/bytecodealliance/wasm-micro-runtime/issues/2115/comments",
    "events_url": "https://api.github.com/repos/bytecodealliance/wasm-micro-runtime/issues/2115/events",
    "html_url": "https://github.com/bytecodealliance/wasm-micro-runtime/pull/2115",
    "id": 1658315184,
    "node_id": "PR_kwDOCwGZ2s5N0Fxw",
    "number": 2115,
    "title": "Merge branch main into dev/fast_jit_threads",
    "user": {
      "login": "wenyongh",
      "id": 20393758,
      "node_id": "MDQ6VXNlcjIwMzkzNzU4",
      "avatar_url": "https://avatars.githubusercontent.com/u/20393758?v=4",
      "gravatar_id": "",
      "url": "https://api.github.com/users/wenyongh",
      "html_url": "https://github.com/wenyongh",
      "followers_url": "https://api.github.com/users/wenyongh/followers",
      "following_url": "https://api.github.com/users/wenyongh/following{/other_user}",
      "gists_url": "https://api.github.com/users/wenyongh/gists{/gist_id}",
      "starred_url": "https://api.github.com/users/wenyongh/starred{/owner}{/repo}",
      "subscriptions_url": "https://api.github.com/users/wenyongh/subscriptions",
      "organizations_url": "https://api.github.com/users/wenyongh/orgs",
      "repos_url": "https://api.github.com/users/wenyongh/repos",
      "events_url": "https://api.github.com/users/wenyongh/events{/privacy}",
      "received_events_url": "https://api.github.com/users/wenyongh/received_events",
      "type": "User",
      "site_admin": false
    },
    "labels": [

    ],
    "state": "closed",
    "locked": false,
    "assignee": null,
    "assignees": [

    ],
    "milestone": null,
    "comments": 0,
    "created_at": "2023-04-07T03:32:30Z",
    "updated_at": "2023-04-07T04:01:20Z",
    "closed_at": "2023-04-07T04:01:20Z",
    "author_association": "CONTRIBUTOR",
    "active_lock_reason": null,
    "draft": false,
    "pull_request": {
      "url": "https://api.github.com/repos/bytecodealliance/wasm-micro-runtime/pulls/2115",
      "html_url": "https://github.com/bytecodealliance/wasm-micro-runtime/pull/2115",
      "diff_url": "https://github.com/bytecodealliance/wasm-micro-runtime/pull/2115.diff",
      "patch_url": "https://github.com/bytecodealliance/wasm-micro-runtime/pull/2115.patch",
      "merged_at": "2023-04-07T04:01:19Z"
    },
    "body": null,
    "reactions": {
      "url": "https://api.github.com/repos/bytecodealliance/wasm-micro-runtime/issues/2115/reactions",
      "total_count": 0,
      "+1": 0,
      "-1": 0,
      "laugh": 0,
      "hooray": 0,
      "confused": 0,
      "heart": 0,
      "rocket": 0,
      "eyes": 0
    },
    "timeline_url": "https://api.github.com/repos/bytecodealliance/wasm-micro-runtime/issues/2115/timeline",
    "performed_via_github_app": null,
    "state_reason": null
  },
  {
    "url": "https://api.github.com/repos/bytecodealliance/wasm-micro-runtime/issues/2114",
    "repository_url": "https://api.github.com/repos/bytecodealliance/wasm-micro-runtime",
    "labels_url": "https://api.github.com/repos/bytecodealliance/wasm-micro-runtime/issues/2114/labels{/name}",
    "comments_url": "https://api.github.com/repos/bytecodealliance/wasm-micro-runtime/issues/2114/comments",
    "events_url": "https://api.github.com/repos/bytecodealliance/wasm-micro-runtime/issues/2114/events",
    "html_url": "https://github.com/bytecodealliance/wasm-micro-runtime/pull/2114",
    "id": 1658314782,
    "node_id": "PR_kwDOCwGZ2s5N0FtG",
    "number": 2114,
    "title": "Merge branch main into dev/gc_refactor",
    "user": {
      "login": "wenyongh",
      "id": 20393758,
      "node_id": "MDQ6VXNlcjIwMzkzNzU4",
      "avatar_url": "https://avatars.githubusercontent.com/u/20393758?v=4",
      "gravatar_id": "",
      "url": "https://api.github.com/users/wenyongh",
      "html_url": "https://github.com/wenyongh",
      "followers_url": "https://api.github.com/users/wenyongh/followers",
      "following_url": "https://api.github.com/users/wenyongh/following{/other_user}",
      "gists_url": "https://api.github.com/users/wenyongh/gists{/gist_id}",
      "starred_url": "https://api.github.com/users/wenyongh/starred{/owner}{/repo}",
      "subscriptions_url": "https://api.github.com/users/wenyongh/subscriptions",
      "organizations_url": "https://api.github.com/users/wenyongh/orgs",
      "repos_url": "https://api.github.com/users/wenyongh/repos",
      "events_url": "https://api.github.com/users/wenyongh/events{/privacy}",
      "received_events_url": "https://api.github.com/users/wenyongh/received_events",
      "type": "User",
      "site_admin": false
    },
    "labels": [

    ],
    "state": "closed",
    "locked": false,
    "assignee": null,
    "assignees": [

    ],
    "milestone": null,
    "comments": 0,
    "created_at": "2023-04-07T03:31:37Z",
    "updated_at": "2023-04-07T04:01:46Z",
    "closed_at": "2023-04-07T04:01:46Z",
    "author_association": "CONTRIBUTOR",
    "active_lock_reason": null,
    "draft": false,
    "pull_request": {
      "url": "https://api.github.com/repos/bytecodealliance/wasm-micro-runtime/pulls/2114",
      "html_url": "https://github.com/bytecodealliance/wasm-micro-runtime/pull/2114",
      "diff_url": "https://github.com/bytecodealliance/wasm-micro-runtime/pull/2114.diff",
      "patch_url": "https://github.com/bytecodealliance/wasm-micro-runtime/pull/2114.patch",
      "merged_at": "2023-04-07T04:01:46Z"
    },
    "body": null,
    "reactions": {
      "url": "https://api.github.com/repos/bytecodealliance/wasm-micro-runtime/issues/2114/reactions",
      "total_count": 0,
      "+1": 0,
      "-1": 0,
      "laugh": 0,
      "hooray": 0,
      "confused": 0,
      "heart": 0,
      "rocket": 0,
      "eyes": 0
    },
    "timeline_url": "https://api.github.com/repos/bytecodealliance/wasm-micro-runtime/issues/2114/timeline",
    "performed_via_github_app": null,
    "state_reason": null
  },
  {
    "url": "https://api.github.com/repos/bytecodealliance/wasm-micro-runtime/issues/2113",
    "repository_url": "https://api.github.com/repos/bytecodealliance/wasm-micro-runtime",
    "labels_url": "https://api.github.com/repos/bytecodealliance/wasm-micro-runtime/issues/2113/labels{/name}",
    "comments_url": "https://api.github.com/repos/bytecodealliance/wasm-micro-runtime/issues/2113/comments",
    "events_url": "https://api.github.com/repos/bytecodealliance/wasm-micro-runtime/issues/2113/events",
    "html_url": "https://github.com/bytecodealliance/wasm-micro-runtime/pull/2113",
    "id": 1658140504,
    "node_id": "PR_kwDOCwGZ2s5Nzjsm",
    "number": 2113,
    "title": "Update release notes",
    "user": {
      "login": "wenyongh",
      "id": 20393758,
      "node_id": "MDQ6VXNlcjIwMzkzNzU4",
      "avatar_url": "https://avatars.githubusercontent.com/u/20393758?v=4",
      "gravatar_id": "",
      "url": "https://api.github.com/users/wenyongh",
      "html_url": "https://github.com/wenyongh",
      "followers_url": "https://api.github.com/users/wenyongh/followers",
      "following_url": "https://api.github.com/users/wenyongh/following{/other_user}",
      "gists_url": "https://api.github.com/users/wenyongh/gists{/gist_id}",
      "starred_url": "https://api.github.com/users/wenyongh/starred{/owner}{/repo}",
      "subscriptions_url": "https://api.github.com/users/wenyongh/subscriptions",
      "organizations_url": "https://api.github.com/users/wenyongh/orgs",
      "repos_url": "https://api.github.com/users/wenyongh/repos",
      "events_url": "https://api.github.com/users/wenyongh/events{/privacy}",
      "received_events_url": "https://api.github.com/users/wenyongh/received_events",
      "type": "User",
      "site_admin": false
    },
    "labels": [

    ],
    "state": "closed",
    "locked": false,
    "assignee": null,
    "assignees": [

    ],
    "milestone": null,
    "comments": 0,
    "created_at": "2023-04-06T22:52:35Z",
    "updated_at": "2023-04-07T01:46:24Z",
    "closed_at": "2023-04-06T23:12:02Z",
    "author_association": "CONTRIBUTOR",
    "active_lock_reason": null,
    "draft": false,
    "pull_request": {
      "url": "https://api.github.com/repos/bytecodealliance/wasm-micro-runtime/pulls/2113",
      "html_url": "https://github.com/bytecodealliance/wasm-micro-runtime/pull/2113",
      "diff_url": "https://github.com/bytecodealliance/wasm-micro-runtime/pull/2113.diff",
      "patch_url": "https://github.com/bytecodealliance/wasm-micro-runtime/pull/2113.patch",
      "merged_at": "2023-04-06T23:12:02Z"
    },
    "body": null,
    "reactions": {
      "url": "https://api.github.com/repos/bytecodealliance/wasm-micro-runtime/issues/2113/reactions",
      "total_count": 0,
      "+1": 0,
      "-1": 0,
      "laugh": 0,
      "hooray": 0,
      "confused": 0,
      "heart": 0,
      "rocket": 0,
      "eyes": 0
    },
    "timeline_url": "https://api.github.com/repos/bytecodealliance/wasm-micro-runtime/issues/2113/timeline",
    "performed_via_github_app": null,
    "state_reason": null
  },
  {
    "url": "https://api.github.com/repos/bytecodealliance/wasm-micro-runtime/issues/2111",
    "repository_url": "https://api.github.com/repos/bytecodealliance/wasm-micro-runtime",
    "labels_url": "https://api.github.com/repos/bytecodealliance/wasm-micro-runtime/issues/2111/labels{/name}",
    "comments_url": "https://api.github.com/repos/bytecodealliance/wasm-micro-runtime/issues/2111/comments",
    "events_url": "https://api.github.com/repos/bytecodealliance/wasm-micro-runtime/issues/2111/events",
    "html_url": "https://github.com/bytecodealliance/wasm-micro-runtime/pull/2111",
    "id": 1657244795,
    "node_id": "PR_kwDOCwGZ2s5NwqzJ",
    "number": 2111,
    "title": "Refine aot compiler to check suspend_flags and fix an issue of multi-tier jit",
    "user": {
      "login": "wenyongh",
      "id": 20393758,
      "node_id": "MDQ6VXNlcjIwMzkzNzU4",
      "avatar_url": "https://avatars.githubusercontent.com/u/20393758?v=4",
      "gravatar_id": "",
      "url": "https://api.github.com/users/wenyongh",
      "html_url": "https://github.com/wenyongh",
      "followers_url": "https://api.github.com/users/wenyongh/followers",
      "following_url": "https://api.github.com/users/wenyongh/following{/other_user}",
      "gists_url": "https://api.github.com/users/wenyongh/gists{/gist_id}",
      "starred_url": "https://api.github.com/users/wenyongh/starred{/owner}{/repo}",
      "subscriptions_url": "https://api.github.com/users/wenyongh/subscriptions",
      "organizations_url": "https://api.github.com/users/wenyongh/orgs",
      "repos_url": "https://api.github.com/users/wenyongh/repos",
      "events_url": "https://api.github.com/users/wenyongh/events{/privacy}",
      "received_events_url": "https://api.github.com/users/wenyongh/received_events",
      "type": "User",
      "site_admin": false
    },
    "labels": [

    ],
    "state": "closed",
    "locked": false,
    "assignee": null,
    "assignees": [

    ],
    "milestone": null,
    "comments": 0,
    "created_at": "2023-04-06T11:28:58Z",
    "updated_at": "2023-04-07T01:46:33Z",
    "closed_at": "2023-04-06T22:47:24Z",
    "author_association": "CONTRIBUTOR",
    "active_lock_reason": null,
    "draft": false,
    "pull_request": {
      "url": "https://api.github.com/repos/bytecodealliance/wasm-micro-runtime/pulls/2111",
      "html_url": "https://github.com/bytecodealliance/wasm-micro-runtime/pull/2111",
      "diff_url": "https://github.com/bytecodealliance/wasm-micro-runtime/pull/2111.diff",
      "patch_url": "https://github.com/bytecodealliance/wasm-micro-runtime/pull/2111.patch",
      "merged_at": "2023-04-06T22:47:24Z"
    },
    "body": "In LLVM AOT/JIT compiler, only need to check the suspend_flags when memory is\r\na shared memory since the shared memory must be enabled for multi-threading,\r\nso as not to impact the performance in non-multi-threading memory mode. Also\r\nrefine the LLVM IRs to check the suspend_flags.\r\n\r\nAnd fix an issue of multi-tier jit for multi-threading, the instance of the child thread\r\nshould be removed from the instance list before it is de-instantiated.",
    "reactions": {
      "url": "https://api.github.com/repos/bytecodealliance/wasm-micro-runtime/issues/2111/reactions",
      "total_count": 0,
      "+1": 0,
      "-1": 0,
      "laugh": 0,
      "hooray": 0,
      "confused": 0,
      "heart": 0,
      "rocket": 0,
      "eyes": 0
    },
    "timeline_url": "https://api.github.com/repos/bytecodealliance/wasm-micro-runtime/issues/2111/timeline",
    "performed_via_github_app": null,
    "state_reason": null
  },
  {
    "url": "https://api.github.com/repos/bytecodealliance/wasm-micro-runtime/issues/2108",
    "repository_url": "https://api.github.com/repos/bytecodealliance/wasm-micro-runtime",
    "labels_url": "https://api.github.com/repos/bytecodealliance/wasm-micro-runtime/issues/2108/labels{/name}",
    "comments_url": "https://api.github.com/repos/bytecodealliance/wasm-micro-runtime/issues/2108/comments",
    "events_url": "https://api.github.com/repos/bytecodealliance/wasm-micro-runtime/issues/2108/events",
    "html_url": "https://github.com/bytecodealliance/wasm-micro-runtime/issues/2108",
    "id": 1656212393,
    "node_id": "I_kwDOCwGZ2s5it8up",
    "number": 2108,
    "title": "Can I call a wasm function from a host import function?",
    "user": {
      "login": "arjunr2",
      "id": 90422058,
      "node_id": "MDQ6VXNlcjkwNDIyMDU4",
      "avatar_url": "https://avatars.githubusercontent.com/u/90422058?v=4",
      "gravatar_id": "",
      "url": "https://api.github.com/users/arjunr2",
      "html_url": "https://github.com/arjunr2",
      "followers_url": "https://api.github.com/users/arjunr2/followers",
      "following_url": "https://api.github.com/users/arjunr2/following{/other_user}",
      "gists_url": "https://api.github.com/users/arjunr2/gists{/gist_id}",
      "starred_url": "https://api.github.com/users/arjunr2/starred{/owner}{/repo}",
      "subscriptions_url": "https://api.github.com/users/arjunr2/subscriptions",
      "organizations_url": "https://api.github.com/users/arjunr2/orgs",
      "repos_url": "https://api.github.com/users/arjunr2/repos",
      "events_url": "https://api.github.com/users/arjunr2/events{/privacy}",
      "received_events_url": "https://api.github.com/users/arjunr2/received_events",
      "type": "User",
      "site_admin": false
    },
    "labels": [

    ],
    "state": "closed",
    "locked": false,
    "assignee": null,
    "assignees": [

    ],
    "milestone": null,
    "comments": 0,
    "created_at": "2023-04-05T20:03:30Z",
    "updated_at": "2023-04-05T20:04:06Z",
    "closed_at": "2023-04-05T20:04:06Z",
    "author_association": "NONE",
    "active_lock_reason": null,
    "body": "As stated above, is this possible?",
    "reactions": {
      "url": "https://api.github.com/repos/bytecodealliance/wasm-micro-runtime/issues/2108/reactions",
      "total_count": 0,
      "+1": 0,
      "-1": 0,
      "laugh": 0,
      "hooray": 0,
      "confused": 0,
      "heart": 0,
      "rocket": 0,
      "eyes": 0
    },
    "timeline_url": "https://api.github.com/repos/bytecodealliance/wasm-micro-runtime/issues/2108/timeline",
    "performed_via_github_app": null,
    "state_reason": "completed"
  },
  {
    "url": "https://api.github.com/repos/bytecodealliance/wasm-micro-runtime/issues/2106",
    "repository_url": "https://api.github.com/repos/bytecodealliance/wasm-micro-runtime",
    "labels_url": "https://api.github.com/repos/bytecodealliance/wasm-micro-runtime/issues/2106/labels{/name}",
    "comments_url": "https://api.github.com/repos/bytecodealliance/wasm-micro-runtime/issues/2106/comments",
    "events_url": "https://api.github.com/repos/bytecodealliance/wasm-micro-runtime/issues/2106/events",
    "html_url": "https://github.com/bytecodealliance/wasm-micro-runtime/pull/2106",
    "id": 1655508938,
    "node_id": "PR_kwDOCwGZ2s5Nq8Ee",
    "number": 2106,
    "title": "Enable CI build for gcc 4.8 on linux",
    "user": {
      "login": "loganek",
      "id": 3201489,
      "node_id": "MDQ6VXNlcjMyMDE0ODk=",
      "avatar_url": "https://avatars.githubusercontent.com/u/3201489?v=4",
      "gravatar_id": "",
      "url": "https://api.github.com/users/loganek",
      "html_url": "https://github.com/loganek",
      "followers_url": "https://api.github.com/users/loganek/followers",
      "following_url": "https://api.github.com/users/loganek/following{/other_user}",
      "gists_url": "https://api.github.com/users/loganek/gists{/gist_id}",
      "starred_url": "https://api.github.com/users/loganek/starred{/owner}{/repo}",
      "subscriptions_url": "https://api.github.com/users/loganek/subscriptions",
      "organizations_url": "https://api.github.com/users/loganek/orgs",
      "repos_url": "https://api.github.com/users/loganek/repos",
      "events_url": "https://api.github.com/users/loganek/events{/privacy}",
      "received_events_url": "https://api.github.com/users/loganek/received_events",
      "type": "User",
      "site_admin": false
    },
    "labels": [

    ],
    "state": "closed",
    "locked": false,
    "assignee": null,
    "assignees": [

    ],
    "milestone": null,
    "comments": 0,
    "created_at": "2023-04-05T12:13:53Z",
    "updated_at": "2023-04-06T02:10:08Z",
    "closed_at": "2023-04-06T02:10:07Z",
    "author_association": "CONTRIBUTOR",
    "active_lock_reason": null,
    "draft": false,
    "pull_request": {
      "url": "https://api.github.com/repos/bytecodealliance/wasm-micro-runtime/pulls/2106",
      "html_url": "https://github.com/bytecodealliance/wasm-micro-runtime/pull/2106",
      "diff_url": "https://github.com/bytecodealliance/wasm-micro-runtime/pull/2106.diff",
      "patch_url": "https://github.com/bytecodealliance/wasm-micro-runtime/pull/2106.patch",
      "merged_at": "2023-04-06T02:10:07Z"
    },
    "body": "In https://github.com/bytecodealliance/wasm-micro-runtime/pull/1928  we added support for GCC 4.8 but we don't continously test if it's working. In this change I'm adding a github actions job to test compilation on GCC 4.8 for interpreters and Fast JIT (JIT/AOT might be added in the future).\r\n\r\nThe compileation is done using ubuntu 14.04 image as that's the simplest way to get gcc 4.8 compiler. The job only compiles the code but does not run any tests. I don't think we need that though at that stage.",
    "reactions": {
      "url": "https://api.github.com/repos/bytecodealliance/wasm-micro-runtime/issues/2106/reactions",
      "total_count": 0,
      "+1": 0,
      "-1": 0,
      "laugh": 0,
      "hooray": 0,
      "confused": 0,
      "heart": 0,
      "rocket": 0,
      "eyes": 0
    },
    "timeline_url": "https://api.github.com/repos/bytecodealliance/wasm-micro-runtime/issues/2106/timeline",
    "performed_via_github_app": null,
    "state_reason": null
  },
  {
    "url": "https://api.github.com/repos/bytecodealliance/wasm-micro-runtime/issues/2104",
    "repository_url": "https://api.github.com/repos/bytecodealliance/wasm-micro-runtime",
    "labels_url": "https://api.github.com/repos/bytecodealliance/wasm-micro-runtime/issues/2104/labels{/name}",
    "comments_url": "https://api.github.com/repos/bytecodealliance/wasm-micro-runtime/issues/2104/comments",
    "events_url": "https://api.github.com/repos/bytecodealliance/wasm-micro-runtime/issues/2104/events",
    "html_url": "https://github.com/bytecodealliance/wasm-micro-runtime/pull/2104",
    "id": 1653160226,
    "node_id": "PR_kwDOCwGZ2s5NjCS0",
    "number": 2104,
    "title": "document the summary of two pthread implementations",
    "user": {
      "login": "yamt",
      "id": 1845377,
      "node_id": "MDQ6VXNlcjE4NDUzNzc=",
      "avatar_url": "https://avatars.githubusercontent.com/u/1845377?v=4",
      "gravatar_id": "",
      "url": "https://api.github.com/users/yamt",
      "html_url": "https://github.com/yamt",
      "followers_url": "https://api.github.com/users/yamt/followers",
      "following_url": "https://api.github.com/users/yamt/following{/other_user}",
      "gists_url": "https://api.github.com/users/yamt/gists{/gist_id}",
      "starred_url": "https://api.github.com/users/yamt/starred{/owner}{/repo}",
      "subscriptions_url": "https://api.github.com/users/yamt/subscriptions",
      "organizations_url": "https://api.github.com/users/yamt/orgs",
      "repos_url": "https://api.github.com/users/yamt/repos",
      "events_url": "https://api.github.com/users/yamt/events{/privacy}",
      "received_events_url": "https://api.github.com/users/yamt/received_events",
      "type": "User",
      "site_admin": false
    },
    "labels": [

    ],
    "state": "closed",
    "locked": false,
    "assignee": null,
    "assignees": [

    ],
    "milestone": null,
    "comments": 4,
    "created_at": "2023-04-04T04:39:47Z",
    "updated_at": "2023-04-04T09:22:54Z",
    "closed_at": "2023-04-04T09:22:54Z",
    "author_association": "CONTRIBUTOR",
    "active_lock_reason": null,
    "draft": false,
    "pull_request": {
      "url": "https://api.github.com/repos/bytecodealliance/wasm-micro-runtime/pulls/2104",
      "html_url": "https://github.com/bytecodealliance/wasm-micro-runtime/pull/2104",
      "diff_url": "https://github.com/bytecodealliance/wasm-micro-runtime/pull/2104.diff",
      "patch_url": "https://github.com/bytecodealliance/wasm-micro-runtime/pull/2104.patch",
      "merged_at": "2023-04-04T09:22:54Z"
    },
    "body": null,
    "reactions": {
      "url": "https://api.github.com/repos/bytecodealliance/wasm-micro-runtime/issues/2104/reactions",
      "total_count": 0,
      "+1": 0,
      "-1": 0,
      "laugh": 0,
      "hooray": 0,
      "confused": 0,
      "heart": 0,
      "rocket": 0,
      "eyes": 0
    },
    "timeline_url": "https://api.github.com/repos/bytecodealliance/wasm-micro-runtime/issues/2104/timeline",
    "performed_via_github_app": null,
    "state_reason": null
  },
  {
    "url": "https://api.github.com/repos/bytecodealliance/wasm-micro-runtime/issues/2103",
    "repository_url": "https://api.github.com/repos/bytecodealliance/wasm-micro-runtime",
    "labels_url": "https://api.github.com/repos/bytecodealliance/wasm-micro-runtime/issues/2103/labels{/name}",
    "comments_url": "https://api.github.com/repos/bytecodealliance/wasm-micro-runtime/issues/2103/comments",
    "events_url": "https://api.github.com/repos/bytecodealliance/wasm-micro-runtime/issues/2103/events",
    "html_url": "https://github.com/bytecodealliance/wasm-micro-runtime/pull/2103",
    "id": 1653013651,
    "node_id": "PR_kwDOCwGZ2s5Nijrz",
    "number": 2103,
    "title": "Update version number and release notes",
    "user": {
      "login": "wenyongh",
      "id": 20393758,
      "node_id": "MDQ6VXNlcjIwMzkzNzU4",
      "avatar_url": "https://avatars.githubusercontent.com/u/20393758?v=4",
      "gravatar_id": "",
      "url": "https://api.github.com/users/wenyongh",
      "html_url": "https://github.com/wenyongh",
      "followers_url": "https://api.github.com/users/wenyongh/followers",
      "following_url": "https://api.github.com/users/wenyongh/following{/other_user}",
      "gists_url": "https://api.github.com/users/wenyongh/gists{/gist_id}",
      "starred_url": "https://api.github.com/users/wenyongh/starred{/owner}{/repo}",
      "subscriptions_url": "https://api.github.com/users/wenyongh/subscriptions",
      "organizations_url": "https://api.github.com/users/wenyongh/orgs",
      "repos_url": "https://api.github.com/users/wenyongh/repos",
      "events_url": "https://api.github.com/users/wenyongh/events{/privacy}",
      "received_events_url": "https://api.github.com/users/wenyongh/received_events",
      "type": "User",
      "site_admin": false
    },
    "labels": [

    ],
    "state": "closed",
    "locked": false,
    "assignee": null,
    "assignees": [

    ],
    "milestone": null,
    "comments": 1,
    "created_at": "2023-04-04T01:25:05Z",
    "updated_at": "2023-04-04T04:21:04Z",
    "closed_at": "2023-04-04T04:13:40Z",
    "author_association": "CONTRIBUTOR",
    "active_lock_reason": null,
    "draft": false,
    "pull_request": {
      "url": "https://api.github.com/repos/bytecodealliance/wasm-micro-runtime/pulls/2103",
      "html_url": "https://github.com/bytecodealliance/wasm-micro-runtime/pull/2103",
      "diff_url": "https://github.com/bytecodealliance/wasm-micro-runtime/pull/2103.diff",
      "patch_url": "https://github.com/bytecodealliance/wasm-micro-runtime/pull/2103.patch",
      "merged_at": "2023-04-04T04:13:40Z"
    },
    "body": null,
    "reactions": {
      "url": "https://api.github.com/repos/bytecodealliance/wasm-micro-runtime/issues/2103/reactions",
      "total_count": 0,
      "+1": 0,
      "-1": 0,
      "laugh": 0,
      "hooray": 0,
      "confused": 0,
      "heart": 0,
      "rocket": 0,
      "eyes": 0
    },
    "timeline_url": "https://api.github.com/repos/bytecodealliance/wasm-micro-runtime/issues/2103/timeline",
    "performed_via_github_app": null,
    "state_reason": null
  },
  {
    "url": "https://api.github.com/repos/bytecodealliance/wasm-micro-runtime/issues/2101",
    "repository_url": "https://api.github.com/repos/bytecodealliance/wasm-micro-runtime",
    "labels_url": "https://api.github.com/repos/bytecodealliance/wasm-micro-runtime/issues/2101/labels{/name}",
    "comments_url": "https://api.github.com/repos/bytecodealliance/wasm-micro-runtime/issues/2101/comments",
    "events_url": "https://api.github.com/repos/bytecodealliance/wasm-micro-runtime/issues/2101/events",
    "html_url": "https://github.com/bytecodealliance/wasm-micro-runtime/pull/2101",
    "id": 1651333081,
    "node_id": "PR_kwDOCwGZ2s5Nc43K",
    "number": 2101,
    "title": "Update sample workload tensorflow",
    "user": {
      "login": "wenyongh",
      "id": 20393758,
      "node_id": "MDQ6VXNlcjIwMzkzNzU4",
      "avatar_url": "https://avatars.githubusercontent.com/u/20393758?v=4",
      "gravatar_id": "",
      "url": "https://api.github.com/users/wenyongh",
      "html_url": "https://github.com/wenyongh",
      "followers_url": "https://api.github.com/users/wenyongh/followers",
      "following_url": "https://api.github.com/users/wenyongh/following{/other_user}",
      "gists_url": "https://api.github.com/users/wenyongh/gists{/gist_id}",
      "starred_url": "https://api.github.com/users/wenyongh/starred{/owner}{/repo}",
      "subscriptions_url": "https://api.github.com/users/wenyongh/subscriptions",
      "organizations_url": "https://api.github.com/users/wenyongh/orgs",
      "repos_url": "https://api.github.com/users/wenyongh/repos",
      "events_url": "https://api.github.com/users/wenyongh/events{/privacy}",
      "received_events_url": "https://api.github.com/users/wenyongh/received_events",
      "type": "User",
      "site_admin": false
    },
    "labels": [

    ],
    "state": "closed",
    "locked": false,
    "assignee": null,
    "assignees": [

    ],
    "milestone": null,
    "comments": 0,
    "created_at": "2023-04-03T05:01:02Z",
    "updated_at": "2023-04-04T04:21:06Z",
    "closed_at": "2023-04-03T06:56:47Z",
    "author_association": "CONTRIBUTOR",
    "active_lock_reason": null,
    "draft": false,
    "pull_request": {
      "url": "https://api.github.com/repos/bytecodealliance/wasm-micro-runtime/pulls/2101",
      "html_url": "https://github.com/bytecodealliance/wasm-micro-runtime/pull/2101",
      "diff_url": "https://github.com/bytecodealliance/wasm-micro-runtime/pull/2101.diff",
      "patch_url": "https://github.com/bytecodealliance/wasm-micro-runtime/pull/2101.patch",
      "merged_at": "2023-04-03T06:56:47Z"
    },
    "body": "Auto download emsdk under core/deps and hack it, and fix multi-thread issues.",
    "reactions": {
      "url": "https://api.github.com/repos/bytecodealliance/wasm-micro-runtime/issues/2101/reactions",
      "total_count": 0,
      "+1": 0,
      "-1": 0,
      "laugh": 0,
      "hooray": 0,
      "confused": 0,
      "heart": 0,
      "rocket": 0,
      "eyes": 0
    },
    "timeline_url": "https://api.github.com/repos/bytecodealliance/wasm-micro-runtime/issues/2101/timeline",
    "performed_via_github_app": null,
    "state_reason": null
  },
  {
    "url": "https://api.github.com/repos/bytecodealliance/wasm-micro-runtime/issues/2100",
    "repository_url": "https://api.github.com/repos/bytecodealliance/wasm-micro-runtime",
    "labels_url": "https://api.github.com/repos/bytecodealliance/wasm-micro-runtime/issues/2100/labels{/name}",
    "comments_url": "https://api.github.com/repos/bytecodealliance/wasm-micro-runtime/issues/2100/comments",
    "events_url": "https://api.github.com/repos/bytecodealliance/wasm-micro-runtime/issues/2100/events",
    "html_url": "https://github.com/bytecodealliance/wasm-micro-runtime/pull/2100",
    "id": 1651201445,
    "node_id": "PR_kwDOCwGZ2s5Ncc8E",
    "number": 2100,
    "title": "Update documents",
    "user": {
      "login": "wenyongh",
      "id": 20393758,
      "node_id": "MDQ6VXNlcjIwMzkzNzU4",
      "avatar_url": "https://avatars.githubusercontent.com/u/20393758?v=4",
      "gravatar_id": "",
      "url": "https://api.github.com/users/wenyongh",
      "html_url": "https://github.com/wenyongh",
      "followers_url": "https://api.github.com/users/wenyongh/followers",
      "following_url": "https://api.github.com/users/wenyongh/following{/other_user}",
      "gists_url": "https://api.github.com/users/wenyongh/gists{/gist_id}",
      "starred_url": "https://api.github.com/users/wenyongh/starred{/owner}{/repo}",
      "subscriptions_url": "https://api.github.com/users/wenyongh/subscriptions",
      "organizations_url": "https://api.github.com/users/wenyongh/orgs",
      "repos_url": "https://api.github.com/users/wenyongh/repos",
      "events_url": "https://api.github.com/users/wenyongh/events{/privacy}",
      "received_events_url": "https://api.github.com/users/wenyongh/received_events",
      "type": "User",
      "site_admin": false
    },
    "labels": [

    ],
    "state": "closed",
    "locked": false,
    "assignee": null,
    "assignees": [

    ],
    "milestone": null,
    "comments": 1,
    "created_at": "2023-04-03T01:58:04Z",
    "updated_at": "2023-04-04T04:21:08Z",
    "closed_at": "2023-04-03T07:54:44Z",
    "author_association": "CONTRIBUTOR",
    "active_lock_reason": null,
    "draft": false,
    "pull_request": {
      "url": "https://api.github.com/repos/bytecodealliance/wasm-micro-runtime/pulls/2100",
      "html_url": "https://github.com/bytecodealliance/wasm-micro-runtime/pull/2100",
      "diff_url": "https://github.com/bytecodealliance/wasm-micro-runtime/pull/2100.diff",
      "patch_url": "https://github.com/bytecodealliance/wasm-micro-runtime/pull/2100.patch",
      "merged_at": "2023-04-03T07:54:44Z"
    },
    "body": null,
    "reactions": {
      "url": "https://api.github.com/repos/bytecodealliance/wasm-micro-runtime/issues/2100/reactions",
      "total_count": 0,
      "+1": 0,
      "-1": 0,
      "laugh": 0,
      "hooray": 0,
      "confused": 0,
      "heart": 0,
      "rocket": 0,
      "eyes": 0
    },
    "timeline_url": "https://api.github.com/repos/bytecodealliance/wasm-micro-runtime/issues/2100/timeline",
    "performed_via_github_app": null,
    "state_reason": null
  },
  {
    "url": "https://api.github.com/repos/bytecodealliance/wasm-micro-runtime/issues/2099",
    "repository_url": "https://api.github.com/repos/bytecodealliance/wasm-micro-runtime",
    "labels_url": "https://api.github.com/repos/bytecodealliance/wasm-micro-runtime/issues/2099/labels{/name}",
    "comments_url": "https://api.github.com/repos/bytecodealliance/wasm-micro-runtime/issues/2099/comments",
    "events_url": "https://api.github.com/repos/bytecodealliance/wasm-micro-runtime/issues/2099/events",
    "html_url": "https://github.com/bytecodealliance/wasm-micro-runtime/pull/2099",
    "id": 1651177935,
    "node_id": "PR_kwDOCwGZ2s5NcX8T",
    "number": 2099,
    "title": "Fix ref.func forward-declared function check",
    "user": {
      "login": "wenyongh",
      "id": 20393758,
      "node_id": "MDQ6VXNlcjIwMzkzNzU4",
      "avatar_url": "https://avatars.githubusercontent.com/u/20393758?v=4",
      "gravatar_id": "",
      "url": "https://api.github.com/users/wenyongh",
      "html_url": "https://github.com/wenyongh",
      "followers_url": "https://api.github.com/users/wenyongh/followers",
      "following_url": "https://api.github.com/users/wenyongh/following{/other_user}",
      "gists_url": "https://api.github.com/users/wenyongh/gists{/gist_id}",
      "starred_url": "https://api.github.com/users/wenyongh/starred{/owner}{/repo}",
      "subscriptions_url": "https://api.github.com/users/wenyongh/subscriptions",
      "organizations_url": "https://api.github.com/users/wenyongh/orgs",
      "repos_url": "https://api.github.com/users/wenyongh/repos",
      "events_url": "https://api.github.com/users/wenyongh/events{/privacy}",
      "received_events_url": "https://api.github.com/users/wenyongh/received_events",
      "type": "User",
      "site_admin": false
    },
    "labels": [

    ],
    "state": "closed",
    "locked": false,
    "assignee": null,
    "assignees": [

    ],
    "milestone": null,
    "comments": 0,
    "created_at": "2023-04-03T01:24:08Z",
    "updated_at": "2023-04-04T04:21:11Z",
    "closed_at": "2023-04-03T07:55:24Z",
    "author_association": "CONTRIBUTOR",
    "active_lock_reason": null,
    "draft": false,
    "pull_request": {
      "url": "https://api.github.com/repos/bytecodealliance/wasm-micro-runtime/pulls/2099",
      "html_url": "https://github.com/bytecodealliance/wasm-micro-runtime/pull/2099",
      "diff_url": "https://github.com/bytecodealliance/wasm-micro-runtime/pull/2099.diff",
      "patch_url": "https://github.com/bytecodealliance/wasm-micro-runtime/pull/2099.patch",
      "merged_at": "2023-04-03T07:55:24Z"
    },
    "body": "When `ref.func` opcode refers to a function whose function index no smaller than\r\ncurrent function, the destination function should be forward-declared: it is declared\r\nin the table element segments, or is declared in the export list.",
    "reactions": {
      "url": "https://api.github.com/repos/bytecodealliance/wasm-micro-runtime/issues/2099/reactions",
      "total_count": 0,
      "+1": 0,
      "-1": 0,
      "laugh": 0,
      "hooray": 0,
      "confused": 0,
      "heart": 0,
      "rocket": 0,
      "eyes": 0
    },
    "timeline_url": "https://api.github.com/repos/bytecodealliance/wasm-micro-runtime/issues/2099/timeline",
    "performed_via_github_app": null,
    "state_reason": null
  },
  {
    "url": "https://api.github.com/repos/bytecodealliance/wasm-micro-runtime/issues/2098",
    "repository_url": "https://api.github.com/repos/bytecodealliance/wasm-micro-runtime",
    "labels_url": "https://api.github.com/repos/bytecodealliance/wasm-micro-runtime/issues/2098/labels{/name}",
    "comments_url": "https://api.github.com/repos/bytecodealliance/wasm-micro-runtime/issues/2098/comments",
    "events_url": "https://api.github.com/repos/bytecodealliance/wasm-micro-runtime/issues/2098/events",
    "html_url": "https://github.com/bytecodealliance/wasm-micro-runtime/pull/2098",
    "id": 1651173860,
    "node_id": "PR_kwDOCwGZ2s5NcXGK",
    "number": 2098,
    "title": "Fix sanitizer pointer overflow warning when perform pointer arithmetic",
    "user": {
      "login": "wenyongh",
      "id": 20393758,
      "node_id": "MDQ6VXNlcjIwMzkzNzU4",
      "avatar_url": "https://avatars.githubusercontent.com/u/20393758?v=4",
      "gravatar_id": "",
      "url": "https://api.github.com/users/wenyongh",
      "html_url": "https://github.com/wenyongh",
      "followers_url": "https://api.github.com/users/wenyongh/followers",
      "following_url": "https://api.github.com/users/wenyongh/following{/other_user}",
      "gists_url": "https://api.github.com/users/wenyongh/gists{/gist_id}",
      "starred_url": "https://api.github.com/users/wenyongh/starred{/owner}{/repo}",
      "subscriptions_url": "https://api.github.com/users/wenyongh/subscriptions",
      "organizations_url": "https://api.github.com/users/wenyongh/orgs",
      "repos_url": "https://api.github.com/users/wenyongh/repos",
      "events_url": "https://api.github.com/users/wenyongh/events{/privacy}",
      "received_events_url": "https://api.github.com/users/wenyongh/received_events",
      "type": "User",
      "site_admin": false
    },
    "labels": [

    ],
    "state": "closed",
    "locked": false,
    "assignee": null,
    "assignees": [

    ],
    "milestone": null,
    "comments": 0,
    "created_at": "2023-04-03T01:17:05Z",
    "updated_at": "2023-04-04T04:21:13Z",
    "closed_at": "2023-04-03T06:32:44Z",
    "author_association": "CONTRIBUTOR",
    "active_lock_reason": null,
    "draft": false,
    "pull_request": {
      "url": "https://api.github.com/repos/bytecodealliance/wasm-micro-runtime/pulls/2098",
      "html_url": "https://github.com/bytecodealliance/wasm-micro-runtime/pull/2098",
      "diff_url": "https://github.com/bytecodealliance/wasm-micro-runtime/pull/2098.diff",
      "patch_url": "https://github.com/bytecodealliance/wasm-micro-runtime/pull/2098.patch",
      "merged_at": "2023-04-03T06:32:44Z"
    },
    "body": "Convert the pointer to intptr_t to perform arithmetic to avoid the warning.",
    "reactions": {
      "url": "https://api.github.com/repos/bytecodealliance/wasm-micro-runtime/issues/2098/reactions",
      "total_count": 0,
      "+1": 0,
      "-1": 0,
      "laugh": 0,
      "hooray": 0,
      "confused": 0,
      "heart": 0,
      "rocket": 0,
      "eyes": 0
    },
    "timeline_url": "https://api.github.com/repos/bytecodealliance/wasm-micro-runtime/issues/2098/timeline",
    "performed_via_github_app": null,
    "state_reason": null
  },
  {
    "url": "https://api.github.com/repos/bytecodealliance/wasm-micro-runtime/issues/2095",
    "repository_url": "https://api.github.com/repos/bytecodealliance/wasm-micro-runtime",
    "labels_url": "https://api.github.com/repos/bytecodealliance/wasm-micro-runtime/issues/2095/labels{/name}",
    "comments_url": "https://api.github.com/repos/bytecodealliance/wasm-micro-runtime/issues/2095/comments",
    "events_url": "https://api.github.com/repos/bytecodealliance/wasm-micro-runtime/issues/2095/events",
    "html_url": "https://github.com/bytecodealliance/wasm-micro-runtime/pull/2095",
    "id": 1650748762,
    "node_id": "PR_kwDOCwGZ2s5NbEsf",
    "number": 2095,
    "title": "Upgrade to wasi-sdk 20",
    "user": {
      "login": "eloparco",
      "id": 37975547,
      "node_id": "MDQ6VXNlcjM3OTc1NTQ3",
      "avatar_url": "https://avatars.githubusercontent.com/u/37975547?v=4",
      "gravatar_id": "",
      "url": "https://api.github.com/users/eloparco",
      "html_url": "https://github.com/eloparco",
      "followers_url": "https://api.github.com/users/eloparco/followers",
      "following_url": "https://api.github.com/users/eloparco/following{/other_user}",
      "gists_url": "https://api.github.com/users/eloparco/gists{/gist_id}",
      "starred_url": "https://api.github.com/users/eloparco/starred{/owner}{/repo}",
      "subscriptions_url": "https://api.github.com/users/eloparco/subscriptions",
      "organizations_url": "https://api.github.com/users/eloparco/orgs",
      "repos_url": "https://api.github.com/users/eloparco/repos",
      "events_url": "https://api.github.com/users/eloparco/events{/privacy}",
      "received_events_url": "https://api.github.com/users/eloparco/received_events",
      "type": "User",
      "site_admin": false
    },
    "labels": [

    ],
    "state": "closed",
    "locked": false,
    "assignee": null,
    "assignees": [

    ],
    "milestone": null,
    "comments": 2,
    "created_at": "2023-04-02T00:28:53Z",
    "updated_at": "2023-04-03T01:03:49Z",
    "closed_at": "2023-04-03T00:43:12Z",
    "author_association": "CONTRIBUTOR",
    "active_lock_reason": null,
    "draft": false,
    "pull_request": {
      "url": "https://api.github.com/repos/bytecodealliance/wasm-micro-runtime/pulls/2095",
      "html_url": "https://github.com/bytecodealliance/wasm-micro-runtime/pull/2095",
      "diff_url": "https://github.com/bytecodealliance/wasm-micro-runtime/pull/2095.diff",
      "patch_url": "https://github.com/bytecodealliance/wasm-micro-runtime/pull/2095.patch",
      "merged_at": "2023-04-03T00:43:12Z"
    },
    "body": "With respect to wasi-sdk 20 pre-release, wasi-sdk 20 supports older versions of glibc, allowing us to use it in the CI with Ubuntu 20.04.\r\n\r\nSee #2021 for previous upgrade to wasi-sdk 20 pre-release.",
    "reactions": {
      "url": "https://api.github.com/repos/bytecodealliance/wasm-micro-runtime/issues/2095/reactions",
      "total_count": 0,
      "+1": 0,
      "-1": 0,
      "laugh": 0,
      "hooray": 0,
      "confused": 0,
      "heart": 0,
      "rocket": 0,
      "eyes": 0
    },
    "timeline_url": "https://api.github.com/repos/bytecodealliance/wasm-micro-runtime/issues/2095/timeline",
    "performed_via_github_app": null,
    "state_reason": null
  },
  {
    "url": "https://api.github.com/repos/bytecodealliance/wasm-micro-runtime/issues/2092",
    "repository_url": "https://api.github.com/repos/bytecodealliance/wasm-micro-runtime",
    "labels_url": "https://api.github.com/repos/bytecodealliance/wasm-micro-runtime/issues/2092/labels{/name}",
    "comments_url": "https://api.github.com/repos/bytecodealliance/wasm-micro-runtime/issues/2092/comments",
    "events_url": "https://api.github.com/repos/bytecodealliance/wasm-micro-runtime/issues/2092/events",
    "html_url": "https://github.com/bytecodealliance/wasm-micro-runtime/pull/2092",
    "id": 1648817267,
    "node_id": "PR_kwDOCwGZ2s5NUums",
    "number": 2092,
    "title": "fix typo in Fast JIT's BUILD_COND_BR Macro",
    "user": {
      "login": "TianlongLiang",
      "id": 111852609,
      "node_id": "U_kgDOBqq8QQ",
      "avatar_url": "https://avatars.githubusercontent.com/u/111852609?v=4",
      "gravatar_id": "",
      "url": "https://api.github.com/users/TianlongLiang",
      "html_url": "https://github.com/TianlongLiang",
      "followers_url": "https://api.github.com/users/TianlongLiang/followers",
      "following_url": "https://api.github.com/users/TianlongLiang/following{/other_user}",
      "gists_url": "https://api.github.com/users/TianlongLiang/gists{/gist_id}",
      "starred_url": "https://api.github.com/users/TianlongLiang/starred{/owner}{/repo}",
      "subscriptions_url": "https://api.github.com/users/TianlongLiang/subscriptions",
      "organizations_url": "https://api.github.com/users/TianlongLiang/orgs",
      "repos_url": "https://api.github.com/users/TianlongLiang/repos",
      "events_url": "https://api.github.com/users/TianlongLiang/events{/privacy}",
      "received_events_url": "https://api.github.com/users/TianlongLiang/received_events",
      "type": "User",
      "site_admin": false
    },
    "labels": [

    ],
    "state": "closed",
    "locked": false,
    "assignee": null,
    "assignees": [

    ],
    "milestone": null,
    "comments": 0,
    "created_at": "2023-03-31T07:20:24Z",
    "updated_at": "2023-04-07T06:38:45Z",
    "closed_at": "2023-03-31T08:18:43Z",
    "author_association": "CONTRIBUTOR",
    "active_lock_reason": null,
    "draft": false,
    "pull_request": {
      "url": "https://api.github.com/repos/bytecodealliance/wasm-micro-runtime/pulls/2092",
      "html_url": "https://github.com/bytecodealliance/wasm-micro-runtime/pull/2092",
      "diff_url": "https://github.com/bytecodealliance/wasm-micro-runtime/pull/2092.diff",
      "patch_url": "https://github.com/bytecodealliance/wasm-micro-runtime/pull/2092.patch",
      "merged_at": "2023-03-31T08:18:43Z"
    },
    "body": null,
    "reactions": {
      "url": "https://api.github.com/repos/bytecodealliance/wasm-micro-runtime/issues/2092/reactions",
      "total_count": 0,
      "+1": 0,
      "-1": 0,
      "laugh": 0,
      "hooray": 0,
      "confused": 0,
      "heart": 0,
      "rocket": 0,
      "eyes": 0
    },
    "timeline_url": "https://api.github.com/repos/bytecodealliance/wasm-micro-runtime/issues/2092/timeline",
    "performed_via_github_app": null,
    "state_reason": null
  },
  {
    "url": "https://api.github.com/repos/bytecodealliance/wasm-micro-runtime/issues/2089",
    "repository_url": "https://api.github.com/repos/bytecodealliance/wasm-micro-runtime",
    "labels_url": "https://api.github.com/repos/bytecodealliance/wasm-micro-runtime/issues/2089/labels{/name}",
    "comments_url": "https://api.github.com/repos/bytecodealliance/wasm-micro-runtime/issues/2089/comments",
    "events_url": "https://api.github.com/repos/bytecodealliance/wasm-micro-runtime/issues/2089/events",
    "html_url": "https://github.com/bytecodealliance/wasm-micro-runtime/pull/2089",
    "id": 1647271873,
    "node_id": "PR_kwDOCwGZ2s5NPk_V",
    "number": 2089,
    "title": "fix import module name error",
    "user": {
      "login": "yviansu",
      "id": 103162767,
      "node_id": "U_kgDOBiYjjw",
      "avatar_url": "https://avatars.githubusercontent.com/u/103162767?v=4",
      "gravatar_id": "",
      "url": "https://api.github.com/users/yviansu",
      "html_url": "https://github.com/yviansu",
      "followers_url": "https://api.github.com/users/yviansu/followers",
      "following_url": "https://api.github.com/users/yviansu/following{/other_user}",
      "gists_url": "https://api.github.com/users/yviansu/gists{/gist_id}",
      "starred_url": "https://api.github.com/users/yviansu/starred{/owner}{/repo}",
      "subscriptions_url": "https://api.github.com/users/yviansu/subscriptions",
      "organizations_url": "https://api.github.com/users/yviansu/orgs",
      "repos_url": "https://api.github.com/users/yviansu/repos",
      "events_url": "https://api.github.com/users/yviansu/events{/privacy}",
      "received_events_url": "https://api.github.com/users/yviansu/received_events",
      "type": "User",
      "site_admin": false
    },
    "labels": [

    ],
    "state": "closed",
    "locked": false,
    "assignee": null,
    "assignees": [

    ],
    "milestone": null,
    "comments": 1,
    "created_at": "2023-03-30T09:44:07Z",
    "updated_at": "2023-03-30T11:16:27Z",
    "closed_at": "2023-03-30T11:16:27Z",
    "author_association": "NONE",
    "active_lock_reason": null,
    "draft": false,
    "pull_request": {
      "url": "https://api.github.com/repos/bytecodealliance/wasm-micro-runtime/pulls/2089",
      "html_url": "https://github.com/bytecodealliance/wasm-micro-runtime/pull/2089",
      "diff_url": "https://github.com/bytecodealliance/wasm-micro-runtime/pull/2089.diff",
      "patch_url": "https://github.com/bytecodealliance/wasm-micro-runtime/pull/2089.patch",
      "merged_at": "2023-03-30T11:16:27Z"
    },
    "body": null,
    "reactions": {
      "url": "https://api.github.com/repos/bytecodealliance/wasm-micro-runtime/issues/2089/reactions",
      "total_count": 0,
      "+1": 0,
      "-1": 0,
      "laugh": 0,
      "hooray": 0,
      "confused": 0,
      "heart": 0,
      "rocket": 0,
      "eyes": 0
    },
    "timeline_url": "https://api.github.com/repos/bytecodealliance/wasm-micro-runtime/issues/2089/timeline",
    "performed_via_github_app": null,
    "state_reason": null
  },
  {
    "url": "https://api.github.com/repos/bytecodealliance/wasm-micro-runtime/issues/2088",
    "repository_url": "https://api.github.com/repos/bytecodealliance/wasm-micro-runtime",
    "labels_url": "https://api.github.com/repos/bytecodealliance/wasm-micro-runtime/issues/2088/labels{/name}",
    "comments_url": "https://api.github.com/repos/bytecodealliance/wasm-micro-runtime/issues/2088/comments",
    "events_url": "https://api.github.com/repos/bytecodealliance/wasm-micro-runtime/issues/2088/events",
    "html_url": "https://github.com/bytecodealliance/wasm-micro-runtime/pull/2088",
    "id": 1646763320,
    "node_id": "PR_kwDOCwGZ2s5NN5DD",
    "number": 2088,
    "title": "Fix interp linear_mem_size for multi-threading",
    "user": {
      "login": "wenyongh",
      "id": 20393758,
      "node_id": "MDQ6VXNlcjIwMzkzNzU4",
      "avatar_url": "https://avatars.githubusercontent.com/u/20393758?v=4",
      "gravatar_id": "",
      "url": "https://api.github.com/users/wenyongh",
      "html_url": "https://github.com/wenyongh",
      "followers_url": "https://api.github.com/users/wenyongh/followers",
      "following_url": "https://api.github.com/users/wenyongh/following{/other_user}",
      "gists_url": "https://api.github.com/users/wenyongh/gists{/gist_id}",
      "starred_url": "https://api.github.com/users/wenyongh/starred{/owner}{/repo}",
      "subscriptions_url": "https://api.github.com/users/wenyongh/subscriptions",
      "organizations_url": "https://api.github.com/users/wenyongh/orgs",
      "repos_url": "https://api.github.com/users/wenyongh/repos",
      "events_url": "https://api.github.com/users/wenyongh/events{/privacy}",
      "received_events_url": "https://api.github.com/users/wenyongh/received_events",
      "type": "User",
      "site_admin": false
    },
    "labels": [

    ],
    "state": "closed",
    "locked": false,
    "assignee": null,
    "assignees": [

    ],
    "milestone": null,
    "comments": 0,
    "created_at": "2023-03-30T01:26:03Z",
    "updated_at": "2023-04-04T04:21:28Z",
    "closed_at": "2023-04-04T01:05:53Z",
    "author_association": "CONTRIBUTOR",
    "active_lock_reason": null,
    "draft": false,
    "pull_request": {
      "url": "https://api.github.com/repos/bytecodealliance/wasm-micro-runtime/pulls/2088",
      "html_url": "https://github.com/bytecodealliance/wasm-micro-runtime/pull/2088",
      "diff_url": "https://github.com/bytecodealliance/wasm-micro-runtime/pull/2088.diff",
      "patch_url": "https://github.com/bytecodealliance/wasm-micro-runtime/pull/2088.patch",
      "merged_at": "2023-04-04T01:05:52Z"
    },
    "body": "And refine the code.",
    "reactions": {
      "url": "https://api.github.com/repos/bytecodealliance/wasm-micro-runtime/issues/2088/reactions",
      "total_count": 0,
      "+1": 0,
      "-1": 0,
      "laugh": 0,
      "hooray": 0,
      "confused": 0,
      "heart": 0,
      "rocket": 0,
      "eyes": 0
    },
    "timeline_url": "https://api.github.com/repos/bytecodealliance/wasm-micro-runtime/issues/2088/timeline",
    "performed_via_github_app": null,
    "state_reason": null
  },
  {
    "url": "https://api.github.com/repos/bytecodealliance/wasm-micro-runtime/issues/2087",
    "repository_url": "https://api.github.com/repos/bytecodealliance/wasm-micro-runtime",
    "labels_url": "https://api.github.com/repos/bytecodealliance/wasm-micro-runtime/issues/2087/labels{/name}",
    "comments_url": "https://api.github.com/repos/bytecodealliance/wasm-micro-runtime/issues/2087/comments",
    "events_url": "https://api.github.com/repos/bytecodealliance/wasm-micro-runtime/issues/2087/events",
    "html_url": "https://github.com/bytecodealliance/wasm-micro-runtime/pull/2087",
    "id": 1646661347,
    "node_id": "PR_kwDOCwGZ2s5NNjEG",
    "number": 2087,
    "title": "ci: Refactor windows build definition",
    "user": {
      "login": "loganek",
      "id": 3201489,
      "node_id": "MDQ6VXNlcjMyMDE0ODk=",
      "avatar_url": "https://avatars.githubusercontent.com/u/3201489?v=4",
      "gravatar_id": "",
      "url": "https://api.github.com/users/loganek",
      "html_url": "https://github.com/loganek",
      "followers_url": "https://api.github.com/users/loganek/followers",
      "following_url": "https://api.github.com/users/loganek/following{/other_user}",
      "gists_url": "https://api.github.com/users/loganek/gists{/gist_id}",
      "starred_url": "https://api.github.com/users/loganek/starred{/owner}{/repo}",
      "subscriptions_url": "https://api.github.com/users/loganek/subscriptions",
      "organizations_url": "https://api.github.com/users/loganek/orgs",
      "repos_url": "https://api.github.com/users/loganek/repos",
      "events_url": "https://api.github.com/users/loganek/events{/privacy}",
      "received_events_url": "https://api.github.com/users/loganek/received_events",
      "type": "User",
      "site_admin": false
    },
    "labels": [

    ],
    "state": "closed",
    "locked": false,
    "assignee": null,
    "assignees": [

    ],
    "milestone": null,
    "comments": 0,
    "created_at": "2023-03-29T23:09:49Z",
    "updated_at": "2023-03-30T01:34:30Z",
    "closed_at": "2023-03-30T01:34:30Z",
    "author_association": "CONTRIBUTOR",
    "active_lock_reason": null,
    "draft": false,
    "pull_request": {
      "url": "https://api.github.com/repos/bytecodealliance/wasm-micro-runtime/pulls/2087",
      "html_url": "https://github.com/bytecodealliance/wasm-micro-runtime/pull/2087",
      "diff_url": "https://github.com/bytecodealliance/wasm-micro-runtime/pull/2087.diff",
      "patch_url": "https://github.com/bytecodealliance/wasm-micro-runtime/pull/2087.patch",
      "merged_at": "2023-03-30T01:34:30Z"
    },
    "body": null,
    "reactions": {
      "url": "https://api.github.com/repos/bytecodealliance/wasm-micro-runtime/issues/2087/reactions",
      "total_count": 0,
      "+1": 0,
      "-1": 0,
      "laugh": 0,
      "hooray": 0,
      "confused": 0,
      "heart": 0,
      "rocket": 0,
      "eyes": 0
    },
    "timeline_url": "https://api.github.com/repos/bytecodealliance/wasm-micro-runtime/issues/2087/timeline",
    "performed_via_github_app": null,
    "state_reason": null
  },
  {
    "url": "https://api.github.com/repos/bytecodealliance/wasm-micro-runtime/issues/2086",
    "repository_url": "https://api.github.com/repos/bytecodealliance/wasm-micro-runtime",
    "labels_url": "https://api.github.com/repos/bytecodealliance/wasm-micro-runtime/issues/2086/labels{/name}",
    "comments_url": "https://api.github.com/repos/bytecodealliance/wasm-micro-runtime/issues/2086/comments",
    "events_url": "https://api.github.com/repos/bytecodealliance/wasm-micro-runtime/issues/2086/events",
    "html_url": "https://github.com/bytecodealliance/wasm-micro-runtime/pull/2086",
    "id": 1646652831,
    "node_id": "PR_kwDOCwGZ2s5NNhN-",
    "number": 2086,
    "title": "ci: Enable WASI threads in CI",
    "user": {
      "login": "loganek",
      "id": 3201489,
      "node_id": "MDQ6VXNlcjMyMDE0ODk=",
      "avatar_url": "https://avatars.githubusercontent.com/u/3201489?v=4",
      "gravatar_id": "",
      "url": "https://api.github.com/users/loganek",
      "html_url": "https://github.com/loganek",
      "followers_url": "https://api.github.com/users/loganek/followers",
      "following_url": "https://api.github.com/users/loganek/following{/other_user}",
      "gists_url": "https://api.github.com/users/loganek/gists{/gist_id}",
      "starred_url": "https://api.github.com/users/loganek/starred{/owner}{/repo}",
      "subscriptions_url": "https://api.github.com/users/loganek/subscriptions",
      "organizations_url": "https://api.github.com/users/loganek/orgs",
      "repos_url": "https://api.github.com/users/loganek/repos",
      "events_url": "https://api.github.com/users/loganek/events{/privacy}",
      "received_events_url": "https://api.github.com/users/loganek/received_events",
      "type": "User",
      "site_admin": false
    },
    "labels": [

    ],
    "state": "closed",
    "locked": false,
    "assignee": null,
    "assignees": [

    ],
    "milestone": null,
    "comments": 0,
    "created_at": "2023-03-29T22:59:27Z",
    "updated_at": "2023-03-30T02:05:00Z",
    "closed_at": "2023-03-30T02:05:00Z",
    "author_association": "CONTRIBUTOR",
    "active_lock_reason": null,
    "draft": false,
    "pull_request": {
      "url": "https://api.github.com/repos/bytecodealliance/wasm-micro-runtime/pulls/2086",
      "html_url": "https://github.com/bytecodealliance/wasm-micro-runtime/pull/2086",
      "diff_url": "https://github.com/bytecodealliance/wasm-micro-runtime/pull/2086.diff",
      "patch_url": "https://github.com/bytecodealliance/wasm-micro-runtime/pull/2086.patch",
      "merged_at": "2023-03-30T02:05:00Z"
    },
    "body": null,
    "reactions": {
      "url": "https://api.github.com/repos/bytecodealliance/wasm-micro-runtime/issues/2086/reactions",
      "total_count": 0,
      "+1": 0,
      "-1": 0,
      "laugh": 0,
      "hooray": 0,
      "confused": 0,
      "heart": 0,
      "rocket": 0,
      "eyes": 0
    },
    "timeline_url": "https://api.github.com/repos/bytecodealliance/wasm-micro-runtime/issues/2086/timeline",
    "performed_via_github_app": null,
    "state_reason": null
  },
  {
    "url": "https://api.github.com/repos/bytecodealliance/wasm-micro-runtime/issues/2084",
    "repository_url": "https://api.github.com/repos/bytecodealliance/wasm-micro-runtime",
    "labels_url": "https://api.github.com/repos/bytecodealliance/wasm-micro-runtime/issues/2084/labels{/name}",
    "comments_url": "https://api.github.com/repos/bytecodealliance/wasm-micro-runtime/issues/2084/comments",
    "events_url": "https://api.github.com/repos/bytecodealliance/wasm-micro-runtime/issues/2084/events",
    "html_url": "https://github.com/bytecodealliance/wasm-micro-runtime/pull/2084",
    "id": 1645808467,
    "node_id": "PR_kwDOCwGZ2s5NKqgR",
    "number": 2084,
    "title": "Fixing use after free when dumping call stack",
    "user": {
      "login": "nchamzn",
      "id": 105071518,
      "node_id": "U_kgDOBkNDng",
      "avatar_url": "https://avatars.githubusercontent.com/u/105071518?v=4",
      "gravatar_id": "",
      "url": "https://api.github.com/users/nchamzn",
      "html_url": "https://github.com/nchamzn",
      "followers_url": "https://api.github.com/users/nchamzn/followers",
      "following_url": "https://api.github.com/users/nchamzn/following{/other_user}",
      "gists_url": "https://api.github.com/users/nchamzn/gists{/gist_id}",
      "starred_url": "https://api.github.com/users/nchamzn/starred{/owner}{/repo}",
      "subscriptions_url": "https://api.github.com/users/nchamzn/subscriptions",
      "organizations_url": "https://api.github.com/users/nchamzn/orgs",
      "repos_url": "https://api.github.com/users/nchamzn/repos",
      "events_url": "https://api.github.com/users/nchamzn/events{/privacy}",
      "received_events_url": "https://api.github.com/users/nchamzn/received_events",
      "type": "User",
      "site_admin": false
    },
    "labels": [

    ],
    "state": "closed",
    "locked": false,
    "assignee": null,
    "assignees": [

    ],
    "milestone": null,
    "comments": 0,
    "created_at": "2023-03-29T13:22:58Z",
    "updated_at": "2023-03-30T01:01:16Z",
    "closed_at": "2023-03-30T01:01:16Z",
    "author_association": "CONTRIBUTOR",
    "active_lock_reason": null,
    "draft": false,
    "pull_request": {
      "url": "https://api.github.com/repos/bytecodealliance/wasm-micro-runtime/pulls/2084",
      "html_url": "https://github.com/bytecodealliance/wasm-micro-runtime/pull/2084",
      "diff_url": "https://github.com/bytecodealliance/wasm-micro-runtime/pull/2084.diff",
      "patch_url": "https://github.com/bytecodealliance/wasm-micro-runtime/pull/2084.patch",
      "merged_at": "2023-03-30T01:01:16Z"
    },
    "body": "This line will eventually call `wasm_cluster_wait_for_all_except_self`:\r\n\r\n```\r\nDEINIT_VEC(store->instances, wasm_instance_vec_delete);\r\n```\r\n\r\nAs the threads are joining they can call `wasm_interp_dump_call_stack` which tries to use the module frames but they are already freed by this line:\r\n\r\n```\r\nDEINIT_VEC(store->modules, wasm_module_vec_delete);\r\n```\r\n\r\nThis PR swaps the order that these are deleted so module is deleted after the instances",
    "reactions": {
      "url": "https://api.github.com/repos/bytecodealliance/wasm-micro-runtime/issues/2084/reactions",
      "total_count": 0,
      "+1": 0,
      "-1": 0,
      "laugh": 0,
      "hooray": 0,
      "confused": 0,
      "heart": 0,
      "rocket": 0,
      "eyes": 0
    },
    "timeline_url": "https://api.github.com/repos/bytecodealliance/wasm-micro-runtime/issues/2084/timeline",
    "performed_via_github_app": null,
    "state_reason": null
  },
  {
    "url": "https://api.github.com/repos/bytecodealliance/wasm-micro-runtime/issues/2083",
    "repository_url": "https://api.github.com/repos/bytecodealliance/wasm-micro-runtime",
    "labels_url": "https://api.github.com/repos/bytecodealliance/wasm-micro-runtime/issues/2083/labels{/name}",
    "comments_url": "https://api.github.com/repos/bytecodealliance/wasm-micro-runtime/issues/2083/comments",
    "events_url": "https://api.github.com/repos/bytecodealliance/wasm-micro-runtime/issues/2083/events",
    "html_url": "https://github.com/bytecodealliance/wasm-micro-runtime/pull/2083",
    "id": 1645379459,
    "node_id": "PR_kwDOCwGZ2s5NJNCp",
    "number": 2083,
    "title": "Fix issues reported by Coverity",
    "user": {
      "login": "wenyongh",
      "id": 20393758,
      "node_id": "MDQ6VXNlcjIwMzkzNzU4",
      "avatar_url": "https://avatars.githubusercontent.com/u/20393758?v=4",
      "gravatar_id": "",
      "url": "https://api.github.com/users/wenyongh",
      "html_url": "https://github.com/wenyongh",
      "followers_url": "https://api.github.com/users/wenyongh/followers",
      "following_url": "https://api.github.com/users/wenyongh/following{/other_user}",
      "gists_url": "https://api.github.com/users/wenyongh/gists{/gist_id}",
      "starred_url": "https://api.github.com/users/wenyongh/starred{/owner}{/repo}",
      "subscriptions_url": "https://api.github.com/users/wenyongh/subscriptions",
      "organizations_url": "https://api.github.com/users/wenyongh/orgs",
      "repos_url": "https://api.github.com/users/wenyongh/repos",
      "events_url": "https://api.github.com/users/wenyongh/events{/privacy}",
      "received_events_url": "https://api.github.com/users/wenyongh/received_events",
      "type": "User",
      "site_admin": false
    },
    "labels": [

    ],
    "state": "closed",
    "locked": false,
    "assignee": null,
    "assignees": [

    ],
    "milestone": null,
    "comments": 0,
    "created_at": "2023-03-29T09:23:52Z",
    "updated_at": "2023-03-31T08:59:37Z",
    "closed_at": "2023-03-29T11:40:52Z",
    "author_association": "CONTRIBUTOR",
    "active_lock_reason": null,
    "draft": false,
    "pull_request": {
      "url": "https://api.github.com/repos/bytecodealliance/wasm-micro-runtime/pulls/2083",
      "html_url": "https://github.com/bytecodealliance/wasm-micro-runtime/pull/2083",
      "diff_url": "https://github.com/bytecodealliance/wasm-micro-runtime/pull/2083.diff",
      "patch_url": "https://github.com/bytecodealliance/wasm-micro-runtime/pull/2083.patch",
      "merged_at": "2023-03-29T11:40:52Z"
    },
    "body": "Get exec_env_tls at the beginning of execute_post_instantiate_functions\r\nto avoid it is uninitialized when is_sub_inst is false.",
    "reactions": {
      "url": "https://api.github.com/repos/bytecodealliance/wasm-micro-runtime/issues/2083/reactions",
      "total_count": 0,
      "+1": 0,
      "-1": 0,
      "laugh": 0,
      "hooray": 0,
      "confused": 0,
      "heart": 0,
      "rocket": 0,
      "eyes": 0
    },
    "timeline_url": "https://api.github.com/repos/bytecodealliance/wasm-micro-runtime/issues/2083/timeline",
    "performed_via_github_app": null,
    "state_reason": null
  },
  {
    "url": "https://api.github.com/repos/bytecodealliance/wasm-micro-runtime/issues/2082",
    "repository_url": "https://api.github.com/repos/bytecodealliance/wasm-micro-runtime",
    "labels_url": "https://api.github.com/repos/bytecodealliance/wasm-micro-runtime/issues/2082/labels{/name}",
    "comments_url": "https://api.github.com/repos/bytecodealliance/wasm-micro-runtime/issues/2082/comments",
    "events_url": "https://api.github.com/repos/bytecodealliance/wasm-micro-runtime/issues/2082/events",
    "html_url": "https://github.com/bytecodealliance/wasm-micro-runtime/pull/2082",
    "id": 1645260508,
    "node_id": "PR_kwDOCwGZ2s5NIzeo",
    "number": 2082,
    "title": "spectest/nuttx: Increate stack size of iwasm task",
    "user": {
      "login": "no1wudi",
      "id": 9030616,
      "node_id": "MDQ6VXNlcjkwMzA2MTY=",
      "avatar_url": "https://avatars.githubusercontent.com/u/9030616?v=4",
      "gravatar_id": "",
      "url": "https://api.github.com/users/no1wudi",
      "html_url": "https://github.com/no1wudi",
      "followers_url": "https://api.github.com/users/no1wudi/followers",
      "following_url": "https://api.github.com/users/no1wudi/following{/other_user}",
      "gists_url": "https://api.github.com/users/no1wudi/gists{/gist_id}",
      "starred_url": "https://api.github.com/users/no1wudi/starred{/owner}{/repo}",
      "subscriptions_url": "https://api.github.com/users/no1wudi/subscriptions",
      "organizations_url": "https://api.github.com/users/no1wudi/orgs",
      "repos_url": "https://api.github.com/users/no1wudi/repos",
      "events_url": "https://api.github.com/users/no1wudi/events{/privacy}",
      "received_events_url": "https://api.github.com/users/no1wudi/received_events",
      "type": "User",
      "site_admin": false
    },
    "labels": [

    ],
    "state": "closed",
    "locked": false,
    "assignee": null,
    "assignees": [

    ],
    "milestone": null,
    "comments": 0,
    "created_at": "2023-03-29T08:13:43Z",
    "updated_at": "2023-03-29T09:24:44Z",
    "closed_at": "2023-03-29T09:24:44Z",
    "author_association": "CONTRIBUTOR",
    "active_lock_reason": null,
    "draft": false,
    "pull_request": {
      "url": "https://api.github.com/repos/bytecodealliance/wasm-micro-runtime/pulls/2082",
      "html_url": "https://github.com/bytecodealliance/wasm-micro-runtime/pull/2082",
      "diff_url": "https://github.com/bytecodealliance/wasm-micro-runtime/pull/2082.diff",
      "patch_url": "https://github.com/bytecodealliance/wasm-micro-runtime/pull/2082.patch",
      "merged_at": "2023-03-29T09:24:44Z"
    },
    "body": null,
    "reactions": {
      "url": "https://api.github.com/repos/bytecodealliance/wasm-micro-runtime/issues/2082/reactions",
      "total_count": 0,
      "+1": 0,
      "-1": 0,
      "laugh": 0,
      "hooray": 0,
      "confused": 0,
      "heart": 0,
      "rocket": 0,
      "eyes": 0
    },
    "timeline_url": "https://api.github.com/repos/bytecodealliance/wasm-micro-runtime/issues/2082/timeline",
    "performed_via_github_app": null,
    "state_reason": null
  },
  {
    "url": "https://api.github.com/repos/bytecodealliance/wasm-micro-runtime/issues/2081",
    "repository_url": "https://api.github.com/repos/bytecodealliance/wasm-micro-runtime",
    "labels_url": "https://api.github.com/repos/bytecodealliance/wasm-micro-runtime/issues/2081/labels{/name}",
    "comments_url": "https://api.github.com/repos/bytecodealliance/wasm-micro-runtime/issues/2081/comments",
    "events_url": "https://api.github.com/repos/bytecodealliance/wasm-micro-runtime/issues/2081/events",
    "html_url": "https://github.com/bytecodealliance/wasm-micro-runtime/pull/2081",
    "id": 1645217222,
    "node_id": "PR_kwDOCwGZ2s5NIqHA",
    "number": 2081,
    "title": "fix Wasm compilation errors of xnnpack and meshoptimizer",
    "user": {
      "login": "lum1n0us",
      "id": 62137521,
      "node_id": "MDQ6VXNlcjYyMTM3NTIx",
      "avatar_url": "https://avatars.githubusercontent.com/u/62137521?v=4",
      "gravatar_id": "",
      "url": "https://api.github.com/users/lum1n0us",
      "html_url": "https://github.com/lum1n0us",
      "followers_url": "https://api.github.com/users/lum1n0us/followers",
      "following_url": "https://api.github.com/users/lum1n0us/following{/other_user}",
      "gists_url": "https://api.github.com/users/lum1n0us/gists{/gist_id}",
      "starred_url": "https://api.github.com/users/lum1n0us/starred{/owner}{/repo}",
      "subscriptions_url": "https://api.github.com/users/lum1n0us/subscriptions",
      "organizations_url": "https://api.github.com/users/lum1n0us/orgs",
      "repos_url": "https://api.github.com/users/lum1n0us/repos",
      "events_url": "https://api.github.com/users/lum1n0us/events{/privacy}",
      "received_events_url": "https://api.github.com/users/lum1n0us/received_events",
      "type": "User",
      "site_admin": false
    },
    "labels": [

    ],
    "state": "closed",
    "locked": false,
    "assignee": null,
    "assignees": [

    ],
    "milestone": null,
    "comments": 0,
    "created_at": "2023-03-29T07:45:41Z",
    "updated_at": "2023-03-31T01:35:16Z",
    "closed_at": "2023-03-30T13:15:21Z",
    "author_association": "CONTRIBUTOR",
    "active_lock_reason": null,
    "draft": false,
    "pull_request": {
      "url": "https://api.github.com/repos/bytecodealliance/wasm-micro-runtime/pulls/2081",
      "html_url": "https://github.com/bytecodealliance/wasm-micro-runtime/pull/2081",
      "diff_url": "https://github.com/bytecodealliance/wasm-micro-runtime/pull/2081.diff",
      "patch_url": "https://github.com/bytecodealliance/wasm-micro-runtime/pull/2081.patch",
      "merged_at": "2023-03-30T13:15:21Z"
    },
    "body": null,
    "reactions": {
      "url": "https://api.github.com/repos/bytecodealliance/wasm-micro-runtime/issues/2081/reactions",
      "total_count": 0,
      "+1": 0,
      "-1": 0,
      "laugh": 0,
      "hooray": 0,
      "confused": 0,
      "heart": 0,
      "rocket": 0,
      "eyes": 0
    },
    "timeline_url": "https://api.github.com/repos/bytecodealliance/wasm-micro-runtime/issues/2081/timeline",
    "performed_via_github_app": null,
    "state_reason": null
  },
  {
    "url": "https://api.github.com/repos/bytecodealliance/wasm-micro-runtime/issues/2080",
    "repository_url": "https://api.github.com/repos/bytecodealliance/wasm-micro-runtime",
    "labels_url": "https://api.github.com/repos/bytecodealliance/wasm-micro-runtime/issues/2080/labels{/name}",
    "comments_url": "https://api.github.com/repos/bytecodealliance/wasm-micro-runtime/issues/2080/comments",
    "events_url": "https://api.github.com/repos/bytecodealliance/wasm-micro-runtime/issues/2080/events",
    "html_url": "https://github.com/bytecodealliance/wasm-micro-runtime/pull/2080",
    "id": 1645214042,
    "node_id": "PR_kwDOCwGZ2s5NIpb_",
    "number": 2080,
    "title": "fix import class issue and remove some unused code",
    "user": {
      "login": "xujuntwt95329",
      "id": 20285361,
      "node_id": "MDQ6VXNlcjIwMjg1MzYx",
      "avatar_url": "https://avatars.githubusercontent.com/u/20285361?v=4",
      "gravatar_id": "",
      "url": "https://api.github.com/users/xujuntwt95329",
      "html_url": "https://github.com/xujuntwt95329",
      "followers_url": "https://api.github.com/users/xujuntwt95329/followers",
      "following_url": "https://api.github.com/users/xujuntwt95329/following{/other_user}",
      "gists_url": "https://api.github.com/users/xujuntwt95329/gists{/gist_id}",
      "starred_url": "https://api.github.com/users/xujuntwt95329/starred{/owner}{/repo}",
      "subscriptions_url": "https://api.github.com/users/xujuntwt95329/subscriptions",
      "organizations_url": "https://api.github.com/users/xujuntwt95329/orgs",
      "repos_url": "https://api.github.com/users/xujuntwt95329/repos",
      "events_url": "https://api.github.com/users/xujuntwt95329/events{/privacy}",
      "received_events_url": "https://api.github.com/users/xujuntwt95329/received_events",
      "type": "User",
      "site_admin": false
    },
    "labels": [

    ],
    "state": "closed",
    "locked": false,
    "assignee": null,
    "assignees": [

    ],
    "milestone": null,
    "comments": 0,
    "created_at": "2023-03-29T07:43:20Z",
    "updated_at": "2023-03-29T07:47:27Z",
    "closed_at": "2023-03-29T07:47:26Z",
    "author_association": "CONTRIBUTOR",
    "active_lock_reason": null,
    "draft": false,
    "pull_request": {
      "url": "https://api.github.com/repos/bytecodealliance/wasm-micro-runtime/pulls/2080",
      "html_url": "https://github.com/bytecodealliance/wasm-micro-runtime/pull/2080",
      "diff_url": "https://github.com/bytecodealliance/wasm-micro-runtime/pull/2080.diff",
      "patch_url": "https://github.com/bytecodealliance/wasm-micro-runtime/pull/2080.patch",
      "merged_at": "2023-03-29T07:47:26Z"
    },
    "body": "- fix import class issue\r\n- remove un-used code\r\n- fix some naming styles and typo",
    "reactions": {
      "url": "https://api.github.com/repos/bytecodealliance/wasm-micro-runtime/issues/2080/reactions",
      "total_count": 0,
      "+1": 0,
      "-1": 0,
      "laugh": 0,
      "hooray": 0,
      "confused": 0,
      "heart": 0,
      "rocket": 0,
      "eyes": 0
    },
    "timeline_url": "https://api.github.com/repos/bytecodealliance/wasm-micro-runtime/issues/2080/timeline",
    "performed_via_github_app": null,
    "state_reason": null
  },
  {
    "url": "https://api.github.com/repos/bytecodealliance/wasm-micro-runtime/issues/2079",
    "repository_url": "https://api.github.com/repos/bytecodealliance/wasm-micro-runtime",
    "labels_url": "https://api.github.com/repos/bytecodealliance/wasm-micro-runtime/issues/2079/labels{/name}",
    "comments_url": "https://api.github.com/repos/bytecodealliance/wasm-micro-runtime/issues/2079/comments",
    "events_url": "https://api.github.com/repos/bytecodealliance/wasm-micro-runtime/issues/2079/events",
    "html_url": "https://github.com/bytecodealliance/wasm-micro-runtime/pull/2079",
    "id": 1644893437,
    "node_id": "PR_kwDOCwGZ2s5NHlTa",
    "number": 2079,
    "title": "Enable GC for wamrc and pass non-gc case with AOT",
    "user": {
      "login": "no1wudi",
      "id": 9030616,
      "node_id": "MDQ6VXNlcjkwMzA2MTY=",
      "avatar_url": "https://avatars.githubusercontent.com/u/9030616?v=4",
      "gravatar_id": "",
      "url": "https://api.github.com/users/no1wudi",
      "html_url": "https://github.com/no1wudi",
      "followers_url": "https://api.github.com/users/no1wudi/followers",
      "following_url": "https://api.github.com/users/no1wudi/following{/other_user}",
      "gists_url": "https://api.github.com/users/no1wudi/gists{/gist_id}",
      "starred_url": "https://api.github.com/users/no1wudi/starred{/owner}{/repo}",
      "subscriptions_url": "https://api.github.com/users/no1wudi/subscriptions",
      "organizations_url": "https://api.github.com/users/no1wudi/orgs",
      "repos_url": "https://api.github.com/users/no1wudi/repos",
      "events_url": "https://api.github.com/users/no1wudi/events{/privacy}",
      "received_events_url": "https://api.github.com/users/no1wudi/received_events",
      "type": "User",
      "site_admin": false
    },
    "labels": [

    ],
    "state": "closed",
    "locked": false,
    "assignee": null,
    "assignees": [

    ],
    "milestone": null,
    "comments": 0,
    "created_at": "2023-03-29T01:34:07Z",
    "updated_at": "2023-03-31T07:16:30Z",
    "closed_at": "2023-03-31T07:16:30Z",
    "author_association": "CONTRIBUTOR",
    "active_lock_reason": null,
    "draft": false,
    "pull_request": {
      "url": "https://api.github.com/repos/bytecodealliance/wasm-micro-runtime/pulls/2079",
      "html_url": "https://github.com/bytecodealliance/wasm-micro-runtime/pull/2079",
      "diff_url": "https://github.com/bytecodealliance/wasm-micro-runtime/pull/2079.diff",
      "patch_url": "https://github.com/bytecodealliance/wasm-micro-runtime/pull/2079.patch",
      "merged_at": null
    },
    "body": null,
    "reactions": {
      "url": "https://api.github.com/repos/bytecodealliance/wasm-micro-runtime/issues/2079/reactions",
      "total_count": 0,
      "+1": 0,
      "-1": 0,
      "laugh": 0,
      "hooray": 0,
      "confused": 0,
      "heart": 0,
      "rocket": 0,
      "eyes": 0
    },
    "timeline_url": "https://api.github.com/repos/bytecodealliance/wasm-micro-runtime/issues/2079/timeline",
    "performed_via_github_app": null,
    "state_reason": null
  },
  {
    "url": "https://api.github.com/repos/bytecodealliance/wasm-micro-runtime/issues/2077",
    "repository_url": "https://api.github.com/repos/bytecodealliance/wasm-micro-runtime",
    "labels_url": "https://api.github.com/repos/bytecodealliance/wasm-micro-runtime/issues/2077/labels{/name}",
    "comments_url": "https://api.github.com/repos/bytecodealliance/wasm-micro-runtime/issues/2077/comments",
    "events_url": "https://api.github.com/repos/bytecodealliance/wasm-micro-runtime/issues/2077/events",
    "html_url": "https://github.com/bytecodealliance/wasm-micro-runtime/pull/2077",
    "id": 1643526311,
    "node_id": "PR_kwDOCwGZ2s5NC-nD",
    "number": 2077,
    "title": "nuttx: Add compile role for GC",
    "user": {
      "login": "no1wudi",
      "id": 9030616,
      "node_id": "MDQ6VXNlcjkwMzA2MTY=",
      "avatar_url": "https://avatars.githubusercontent.com/u/9030616?v=4",
      "gravatar_id": "",
      "url": "https://api.github.com/users/no1wudi",
      "html_url": "https://github.com/no1wudi",
      "followers_url": "https://api.github.com/users/no1wudi/followers",
      "following_url": "https://api.github.com/users/no1wudi/following{/other_user}",
      "gists_url": "https://api.github.com/users/no1wudi/gists{/gist_id}",
      "starred_url": "https://api.github.com/users/no1wudi/starred{/owner}{/repo}",
      "subscriptions_url": "https://api.github.com/users/no1wudi/subscriptions",
      "organizations_url": "https://api.github.com/users/no1wudi/orgs",
      "repos_url": "https://api.github.com/users/no1wudi/repos",
      "events_url": "https://api.github.com/users/no1wudi/events{/privacy}",
      "received_events_url": "https://api.github.com/users/no1wudi/received_events",
      "type": "User",
      "site_admin": false
    },
    "labels": [

    ],
    "state": "closed",
    "locked": false,
    "assignee": null,
    "assignees": [

    ],
    "milestone": null,
    "comments": 0,
    "created_at": "2023-03-28T09:13:23Z",
    "updated_at": "2023-03-28T09:38:02Z",
    "closed_at": "2023-03-28T09:38:02Z",
    "author_association": "CONTRIBUTOR",
    "active_lock_reason": null,
    "draft": false,
    "pull_request": {
      "url": "https://api.github.com/repos/bytecodealliance/wasm-micro-runtime/pulls/2077",
      "html_url": "https://github.com/bytecodealliance/wasm-micro-runtime/pull/2077",
      "diff_url": "https://github.com/bytecodealliance/wasm-micro-runtime/pull/2077.diff",
      "patch_url": "https://github.com/bytecodealliance/wasm-micro-runtime/pull/2077.patch",
      "merged_at": "2023-03-28T09:38:02Z"
    },
    "body": null,
    "reactions": {
      "url": "https://api.github.com/repos/bytecodealliance/wasm-micro-runtime/issues/2077/reactions",
      "total_count": 0,
      "+1": 0,
      "-1": 0,
      "laugh": 0,
      "hooray": 0,
      "confused": 0,
      "heart": 0,
      "rocket": 0,
      "eyes": 0
    },
    "timeline_url": "https://api.github.com/repos/bytecodealliance/wasm-micro-runtime/issues/2077/timeline",
    "performed_via_github_app": null,
    "state_reason": null
  },
  {
    "url": "https://api.github.com/repos/bytecodealliance/wasm-micro-runtime/issues/2076",
    "repository_url": "https://api.github.com/repos/bytecodealliance/wasm-micro-runtime",
    "labels_url": "https://api.github.com/repos/bytecodealliance/wasm-micro-runtime/issues/2076/labels{/name}",
    "comments_url": "https://api.github.com/repos/bytecodealliance/wasm-micro-runtime/issues/2076/comments",
    "events_url": "https://api.github.com/repos/bytecodealliance/wasm-micro-runtime/issues/2076/events",
    "html_url": "https://github.com/bytecodealliance/wasm-micro-runtime/pull/2076",
    "id": 1643468017,
    "node_id": "PR_kwDOCwGZ2s5NCyDs",
    "number": 2076,
    "title": "Bump tensorflow from 2.9.2 to 2.11.1 in install_tensorflow.sh",
    "user": {
      "login": "wenyongh",
      "id": 20393758,
      "node_id": "MDQ6VXNlcjIwMzkzNzU4",
      "avatar_url": "https://avatars.githubusercontent.com/u/20393758?v=4",
      "gravatar_id": "",
      "url": "https://api.github.com/users/wenyongh",
      "html_url": "https://github.com/wenyongh",
      "followers_url": "https://api.github.com/users/wenyongh/followers",
      "following_url": "https://api.github.com/users/wenyongh/following{/other_user}",
      "gists_url": "https://api.github.com/users/wenyongh/gists{/gist_id}",
      "starred_url": "https://api.github.com/users/wenyongh/starred{/owner}{/repo}",
      "subscriptions_url": "https://api.github.com/users/wenyongh/subscriptions",
      "organizations_url": "https://api.github.com/users/wenyongh/orgs",
      "repos_url": "https://api.github.com/users/wenyongh/repos",
      "events_url": "https://api.github.com/users/wenyongh/events{/privacy}",
      "received_events_url": "https://api.github.com/users/wenyongh/received_events",
      "type": "User",
      "site_admin": false
    },
    "labels": [

    ],
    "state": "closed",
    "locked": false,
    "assignee": null,
    "assignees": [

    ],
    "milestone": null,
    "comments": 0,
    "created_at": "2023-03-28T08:37:13Z",
    "updated_at": "2023-03-28T10:32:35Z",
    "closed_at": "2023-03-28T09:25:36Z",
    "author_association": "CONTRIBUTOR",
    "active_lock_reason": null,
    "draft": false,
    "pull_request": {
      "url": "https://api.github.com/repos/bytecodealliance/wasm-micro-runtime/pulls/2076",
      "html_url": "https://github.com/bytecodealliance/wasm-micro-runtime/pull/2076",
      "diff_url": "https://github.com/bytecodealliance/wasm-micro-runtime/pull/2076.diff",
      "patch_url": "https://github.com/bytecodealliance/wasm-micro-runtime/pull/2076.patch",
      "merged_at": "2023-03-28T09:25:36Z"
    },
    "body": null,
    "reactions": {
      "url": "https://api.github.com/repos/bytecodealliance/wasm-micro-runtime/issues/2076/reactions",
      "total_count": 0,
      "+1": 0,
      "-1": 0,
      "laugh": 0,
      "hooray": 0,
      "confused": 0,
      "heart": 0,
      "rocket": 0,
      "eyes": 0
    },
    "timeline_url": "https://api.github.com/repos/bytecodealliance/wasm-micro-runtime/issues/2076/timeline",
    "performed_via_github_app": null,
    "state_reason": null
  },
  {
    "url": "https://api.github.com/repos/bytecodealliance/wasm-micro-runtime/issues/2075",
    "repository_url": "https://api.github.com/repos/bytecodealliance/wasm-micro-runtime",
    "labels_url": "https://api.github.com/repos/bytecodealliance/wasm-micro-runtime/issues/2075/labels{/name}",
    "comments_url": "https://api.github.com/repos/bytecodealliance/wasm-micro-runtime/issues/2075/comments",
    "events_url": "https://api.github.com/repos/bytecodealliance/wasm-micro-runtime/issues/2075/events",
    "html_url": "https://github.com/bytecodealliance/wasm-micro-runtime/issues/2075",
    "id": 1643377835,
    "node_id": "I_kwDOCwGZ2s5h8_Sr",
    "number": 2075,
    "title": "lldb remote debug , can not connect to  embedders ",
    "user": {
      "login": "xujiesh0510",
      "id": 10271679,
      "node_id": "MDQ6VXNlcjEwMjcxNjc5",
      "avatar_url": "https://avatars.githubusercontent.com/u/10271679?v=4",
      "gravatar_id": "",
      "url": "https://api.github.com/users/xujiesh0510",
      "html_url": "https://github.com/xujiesh0510",
      "followers_url": "https://api.github.com/users/xujiesh0510/followers",
      "following_url": "https://api.github.com/users/xujiesh0510/following{/other_user}",
      "gists_url": "https://api.github.com/users/xujiesh0510/gists{/gist_id}",
      "starred_url": "https://api.github.com/users/xujiesh0510/starred{/owner}{/repo}",
      "subscriptions_url": "https://api.github.com/users/xujiesh0510/subscriptions",
      "organizations_url": "https://api.github.com/users/xujiesh0510/orgs",
      "repos_url": "https://api.github.com/users/xujiesh0510/repos",
      "events_url": "https://api.github.com/users/xujiesh0510/events{/privacy}",
      "received_events_url": "https://api.github.com/users/xujiesh0510/received_events",
      "type": "User",
      "site_admin": false
    },
    "labels": [

    ],
    "state": "closed",
    "locked": false,
    "assignee": null,
    "assignees": [

    ],
    "milestone": null,
    "comments": 4,
    "created_at": "2023-03-28T07:36:58Z",
    "updated_at": "2023-03-31T12:16:53Z",
    "closed_at": "2023-03-31T12:16:52Z",
    "author_association": "NONE",
    "active_lock_reason": null,
    "body": "ENV:\r\ntwo linux machines, one for lldb ,one for  embedder server .\r\nlldb remote debug, lldb can not connect to  embedder server.\r\nembedder server tcp port is ready.  (telnet 172.24.235.192 1234)\r\nAny advice will be appreciated.\r\n\r\n![image](https://user-images.githubusercontent.com/10271679/228165894-9be0be57-8ade-47c0-8d1a-63b815ef3146.png)\r\n\r\n![image](https://user-images.githubusercontent.com/10271679/228166330-102dc06d-2d40-4d29-a779-e8ecfa897016.png)\r\n\r\nembedder server cmakeList.txt:\r\n```\r\n\r\ncmake_minimum_required(VERSION 3.10)\r\nproject(HELLO C)\r\nMESSAGE(STATUS  \"${PROJECT_SOURCE_DIR} ${PROJECT_BINARY_DIR}\" )\r\nset(CMAKE_C_STANDARD 11)\r\nset (WAMR_BUILD_PLATFORM \"linux\")\r\nset (WAMR_BUILD_TARGET \"X86_64\")\r\nset (WAMR_BUILD_INTERP 1)\r\nset (WAMR_BUILD_DEBUG_INTERP 1)\r\nset (WAMR_BUILD_AOT 0)\r\nset (WAMR_BUILD_LIBC_BUILTIN 1)\r\nset (WAMR_BUILD_LIBC_WASI 1)\r\nset (WAMR_ROOT_DIR \"/mnt/e/Study/C/wasm-micro-runtime-WAMR-1.2.0\")\r\ninclude (${PROJECT_SOURCE_DIR}/../wasm-micro-runtime-WAMR-1.2.0/build-scripts/runtime_lib.cmake)\r\nadd_library(vmlib ${WAMR_RUNTIME_LIB_SOURCE})\r\nadd_executable(hello   src/main.c )\r\ntarget_link_libraries (hello vmlib  -lpthread -lm)\r\n```\r\n\r\n\r\nmain.c\r\n\r\n```\r\n#include <stdio.h>\r\n#include <string.h>\r\n#include \"wasm_export.h\"\r\n#include \"platform_common.h\"\r\n\r\nint main()\r\n{\r\n    char * x = NULL;\r\n    char *buffer, error_buf[128];\r\n    wasm_module_t module;\r\n    wasm_module_inst_t module_inst;\r\n    wasm_function_inst_t func;\r\n    wasm_exec_env_t exec_env;\r\n    uint32 size;\r\n\r\n    wasm_runtime_init();\r\n\r\n    /* Open up card file */\r\n    FILE *file = fopen(\"/mnt/e/Study/C/webassembly/lib/main.wasm\", \"r\");\r\n\r\n    if (!file) {\r\n        fprintf(stderr, \"Unable to open/create file\\n\");\r\n        return 1;\r\n    }\r\n\r\n    /* Size of file */\r\n    fseek(file, 0, SEEK_END);\r\n    size = ftell(file);\r\n    fseek(file, 0, SEEK_SET);\r\n\r\n    if (!(buffer = malloc(size * sizeof(char)))) {\r\n        fprintf(stderr, \"Failed to allocate memory\\n\");\r\n        return 1;\r\n    }\r\n\r\n    size_t read = fread(buffer, 1, size, file);\r\n\r\n/* all the runtime memory allocations are retricted in the global_heap_buf array */\r\n    static char global_heap_buf[512 * 1024*8];\r\n    RuntimeInitArgs init_args;\r\n    memset(&init_args, 0, sizeof(RuntimeInitArgs));\r\n    strcpy(init_args.ip_addr, \"172.24.235.192\");\r\n    init_args.instance_port = 1234;\r\n/* configure the memory allocator for the runtime */\r\n    init_args.mem_alloc_type = Alloc_With_Pool;\r\n    init_args.mem_alloc_option.pool.heap_buf = global_heap_buf;\r\n    init_args.mem_alloc_option.pool.heap_size = sizeof(global_heap_buf);\r\n\r\n    if (!wasm_runtime_full_init(&init_args)) {\r\n        return false;\r\n    }\r\n\r\n    /* parse the WASM file from buffer and create a WASM module */\r\n    module = wasm_runtime_load(buffer, size, error_buf, sizeof(error_buf));\r\n    uint32 stack_size = 80920*2, heap_size = 80920*2;\r\n    /* create an instance of the WASM module (WASM linear memory is ready) */\r\n    module_inst = wasm_runtime_instantiate(module, stack_size, heap_size,\r\n                                           error_buf, sizeof(error_buf));\r\n\r\n    /* creat an execution environment to execute the WASM functions */\r\n    exec_env = wasm_runtime_create_exec_env(module_inst, stack_size);\r\n    wasm_runtime_start_debug_instance(exec_env);\r\n\r\n    int xz =0 ;\r\n    scanf(\"%d\",&xz);\r\n    printf(\"good .......\");\r\n}\r\n```\r\n\r\nwasm c code from https://bytecodealliance.github.io/wamr.dev/blog/wamr-source-debugging-basic/#debugging-with-cli\r\n\r\n[main.wasm.zip](https://github.com/bytecodealliance/wasm-micro-runtime/files/11086818/main.wasm.zip)\r\n\r\n\r\nPLUS: HOW TO BUILD LLDB for windows? my previous issue\r\nhttps://github.com/bytecodealliance/wasm-micro-runtime/issues/2054\r\n",
    "reactions": {
      "url": "https://api.github.com/repos/bytecodealliance/wasm-micro-runtime/issues/2075/reactions",
      "total_count": 0,
      "+1": 0,
      "-1": 0,
      "laugh": 0,
      "hooray": 0,
      "confused": 0,
      "heart": 0,
      "rocket": 0,
      "eyes": 0
    },
    "timeline_url": "https://api.github.com/repos/bytecodealliance/wasm-micro-runtime/issues/2075/timeline",
    "performed_via_github_app": null,
    "state_reason": "completed"
  }
]
