[
  {
    "url": "https://api.github.com/repos/wasm3/wasm3/issues/363",
    "repository_url": "https://api.github.com/repos/wasm3/wasm3",
    "labels_url": "https://api.github.com/repos/wasm3/wasm3/issues/363/labels{/name}",
    "comments_url": "https://api.github.com/repos/wasm3/wasm3/issues/363/comments",
    "events_url": "https://api.github.com/repos/wasm3/wasm3/issues/363/events",
    "html_url": "https://github.com/wasm3/wasm3/issues/363",
    "id": 1334602681,
    "node_id": "I_kwDODKUyRM5PjGu5",
    "number": 363,
    "title": "Running 'Start' function corrupts wasm-stack in m3_Call*-functions",
    "user": {
      "login": "skrphv",
      "id": 24244432,
      "node_id": "MDQ6VXNlcjI0MjQ0NDMy",
      "avatar_url": "https://avatars.githubusercontent.com/u/24244432?v=4",
      "gravatar_id": "",
      "url": "https://api.github.com/users/skrphv",
      "html_url": "https://github.com/skrphv",
      "followers_url": "https://api.github.com/users/skrphv/followers",
      "following_url": "https://api.github.com/users/skrphv/following{/other_user}",
      "gists_url": "https://api.github.com/users/skrphv/gists{/gist_id}",
      "starred_url": "https://api.github.com/users/skrphv/starred{/owner}{/repo}",
      "subscriptions_url": "https://api.github.com/users/skrphv/subscriptions",
      "organizations_url": "https://api.github.com/users/skrphv/orgs",
      "repos_url": "https://api.github.com/users/skrphv/repos",
      "events_url": "https://api.github.com/users/skrphv/events{/privacy}",
      "received_events_url": "https://api.github.com/users/skrphv/received_events",
      "type": "User",
      "site_admin": false
    },
    "labels": [
      {
        "id": 1589315280,
        "node_id": "MDU6TGFiZWwxNTg5MzE1Mjgw",
        "url": "https://api.github.com/repos/wasm3/wasm3/labels/bug",
        "name": "bug",
        "color": "d73a4a",
        "default": true,
        "description": "Something isn't working"
      }
    ],
    "state": "closed",
    "locked": false,
    "assignee": null,
    "assignees": [

    ],
    "milestone": null,
    "comments": 2,
    "created_at": "2022-08-10T13:09:07Z",
    "updated_at": "2022-08-31T20:16:50Z",
    "closed_at": "2022-08-31T20:16:50Z",
    "author_association": "CONTRIBUTOR",
    "active_lock_reason": null,
    "body": "If we call `m3_Call` / `m3_CallVL` / `m3_CallArgv` and `Start`-function not executed,\r\nthen `checkStartFunction` is executing (here: https://github.com/wasm3/wasm3/blob/main/source/m3_env.c#L907), \r\nbut arguments for called function is written to the stack above (here: https://github.com/wasm3/wasm3/blob/main/source/m3_env.c#L892)\r\nand after executing `checkStartFunction` the stack no longer contains arguments for called functions.",
    "reactions": {
      "url": "https://api.github.com/repos/wasm3/wasm3/issues/363/reactions",
      "total_count": 0,
      "+1": 0,
      "-1": 0,
      "laugh": 0,
      "hooray": 0,
      "confused": 0,
      "heart": 0,
      "rocket": 0,
      "eyes": 0
    },
    "timeline_url": "https://api.github.com/repos/wasm3/wasm3/issues/363/timeline",
    "performed_via_github_app": null,
    "state_reason": "completed"
  },
  {
    "url": "https://api.github.com/repos/wasm3/wasm3/issues/358",
    "repository_url": "https://api.github.com/repos/wasm3/wasm3",
    "labels_url": "https://api.github.com/repos/wasm3/wasm3/issues/358/labels{/name}",
    "comments_url": "https://api.github.com/repos/wasm3/wasm3/issues/358/comments",
    "events_url": "https://api.github.com/repos/wasm3/wasm3/issues/358/events",
    "html_url": "https://github.com/wasm3/wasm3/issues/358",
    "id": 1324471618,
    "node_id": "I_kwDODKUyRM5O8dVC",
    "number": 358,
    "title": "`out of bounds memory access` error ?",
    "user": {
      "login": "Zhangyx24",
      "id": 28601300,
      "node_id": "MDQ6VXNlcjI4NjAxMzAw",
      "avatar_url": "https://avatars.githubusercontent.com/u/28601300?v=4",
      "gravatar_id": "",
      "url": "https://api.github.com/users/Zhangyx24",
      "html_url": "https://github.com/Zhangyx24",
      "followers_url": "https://api.github.com/users/Zhangyx24/followers",
      "following_url": "https://api.github.com/users/Zhangyx24/following{/other_user}",
      "gists_url": "https://api.github.com/users/Zhangyx24/gists{/gist_id}",
      "starred_url": "https://api.github.com/users/Zhangyx24/starred{/owner}{/repo}",
      "subscriptions_url": "https://api.github.com/users/Zhangyx24/subscriptions",
      "organizations_url": "https://api.github.com/users/Zhangyx24/orgs",
      "repos_url": "https://api.github.com/users/Zhangyx24/repos",
      "events_url": "https://api.github.com/users/Zhangyx24/events{/privacy}",
      "received_events_url": "https://api.github.com/users/Zhangyx24/received_events",
      "type": "User",
      "site_admin": false
    },
    "labels": [
      {
        "id": 1589315280,
        "node_id": "MDU6TGFiZWwxNTg5MzE1Mjgw",
        "url": "https://api.github.com/repos/wasm3/wasm3/labels/bug",
        "name": "bug",
        "color": "d73a4a",
        "default": true,
        "description": "Something isn't working"
      }
    ],
    "state": "closed",
    "locked": false,
    "assignee": null,
    "assignees": [

    ],
    "milestone": null,
    "comments": 1,
    "created_at": "2022-08-01T13:57:02Z",
    "updated_at": "2022-08-29T14:12:26Z",
    "closed_at": "2022-08-29T14:12:26Z",
    "author_association": "NONE",
    "active_lock_reason": null,
    "body": "## Steps to reproduce\r\n[test-wat.txt](https://github.com/wasm3/wasm3/files/9234430/test-wat.txt)\r\n[test-wasm.txt](https://github.com/wasm3/wasm3/files/9234431/test-wasm.txt)\r\n\r\nThe test.wasm is uploaded as test-wasm.txt, and test.wat is uploaded as test-wat.txt\r\n\r\n`wasm3 test.wasm`\r\n\r\n## Expected result\r\nPrint \"TEST\"\r\nOther wasm runtime, incuding wasmer, wasmtime, WAMR could print \"TEST\" successfully.\r\n\r\n## Actual result\r\nError: [trap] out of bounds memory access",
    "reactions": {
      "url": "https://api.github.com/repos/wasm3/wasm3/issues/358/reactions",
      "total_count": 0,
      "+1": 0,
      "-1": 0,
      "laugh": 0,
      "hooray": 0,
      "confused": 0,
      "heart": 0,
      "rocket": 0,
      "eyes": 0
    },
    "timeline_url": "https://api.github.com/repos/wasm3/wasm3/issues/358/timeline",
    "performed_via_github_app": null,
    "state_reason": "completed"
  },
  {
    "url": "https://api.github.com/repos/wasm3/wasm3/issues/313",
    "repository_url": "https://api.github.com/repos/wasm3/wasm3",
    "labels_url": "https://api.github.com/repos/wasm3/wasm3/issues/313/labels{/name}",
    "comments_url": "https://api.github.com/repos/wasm3/wasm3/issues/313/comments",
    "events_url": "https://api.github.com/repos/wasm3/wasm3/issues/313/events",
    "html_url": "https://github.com/wasm3/wasm3/issues/313",
    "id": 1173895732,
    "node_id": "I_kwDODKUyRM5F-Do0",
    "number": 313,
    "title": "pywasm3 runtime error on example",
    "user": {
      "login": "alex-bender",
      "id": 3628862,
      "node_id": "MDQ6VXNlcjM2Mjg4NjI=",
      "avatar_url": "https://avatars.githubusercontent.com/u/3628862?v=4",
      "gravatar_id": "",
      "url": "https://api.github.com/users/alex-bender",
      "html_url": "https://github.com/alex-bender",
      "followers_url": "https://api.github.com/users/alex-bender/followers",
      "following_url": "https://api.github.com/users/alex-bender/following{/other_user}",
      "gists_url": "https://api.github.com/users/alex-bender/gists{/gist_id}",
      "starred_url": "https://api.github.com/users/alex-bender/starred{/owner}{/repo}",
      "subscriptions_url": "https://api.github.com/users/alex-bender/subscriptions",
      "organizations_url": "https://api.github.com/users/alex-bender/orgs",
      "repos_url": "https://api.github.com/users/alex-bender/repos",
      "events_url": "https://api.github.com/users/alex-bender/events{/privacy}",
      "received_events_url": "https://api.github.com/users/alex-bender/received_events",
      "type": "User",
      "site_admin": false
    },
    "labels": [
      {
        "id": 1589315280,
        "node_id": "MDU6TGFiZWwxNTg5MzE1Mjgw",
        "url": "https://api.github.com/repos/wasm3/wasm3/labels/bug",
        "name": "bug",
        "color": "d73a4a",
        "default": true,
        "description": "Something isn't working"
      }
    ],
    "state": "closed",
    "locked": false,
    "assignee": null,
    "assignees": [

    ],
    "milestone": null,
    "comments": 1,
    "created_at": "2022-03-18T18:37:10Z",
    "updated_at": "2022-08-29T11:37:51Z",
    "closed_at": "2022-08-29T11:37:51Z",
    "author_association": "NONE",
    "active_lock_reason": null,
    "body": "```[20:15] ~/ λ ~ pip install pywasm3\r\nCollecting pywasm3\r\n  Downloading pywasm3-0.5.0.tar.gz (75 kB)\r\n     ━━━━━━━━━━━━━━━━━━━━━━━━━━━━━━━━━━━━━━━━ 75.4/75.4 KB 634.5 kB/s eta 0:00:00\r\n  Preparing metadata (setup.py) ... done\r\nBuilding wheels for collected packages: pywasm3\r\n  Building wheel for pywasm3 (setup.py) ... done\r\n  Created wheel for pywasm3: filename=pywasm3-0.5.0-cp37-cp37m-linux_x86_64.whl size=86870 sha256=d4de47ec7d0cdc5786d5c44b9efaf054ef9f4dcc338930d684ada35821d48fc9\r\n  Stored in directory: /home/alex/.cache/pip/wheels/09/d2/2a/5c7546afb89a5ba7e93207b660d889ea862a93568a986e2d77\r\nSuccessfully built pywasm3\r\nInstalling collected packages: pywasm3\r\nSuccessfully installed pywasm3-0.5.0\r\n\r\n[20:33] ~/ λ ~ ipython\r\nPython 3.7.6 (default, Jan  8 2020, 19:59:22) \r\nType 'copyright', 'credits' or 'license' for more information\r\nIPython 7.30.1 -- An enhanced Interactive Python. Type '?' for help.\r\nIn python rc file\r\n\r\nIn [1]: import wasm3, base64\r\n   ...: \r\n   ...: # WebAssembly binary\r\n   ...: WASM = base64.b64decode(\"AGFzbQEAAAABBgFgAX4\"\r\n   ...:     \"BfgMCAQAHBwEDZmliAAAKHwEdACAAQgJUBEAgAA\"\r\n   ...:     \"8LIABCAn0QACAAQgF9EAB8Dws=\")\r\n   ...: \r\n   ...: env = wasm3.Environment()\r\n   ...: rt  = env.new_runtime(1024)\r\n   ...: mod = env.parse_module(WASM)\r\n   ...: rt.load(mod)\r\n   ...: wasm_fib = rt.find_function(\"fib\")\r\n   ...: result = wasm_fib(24)\r\n   ...: print(result)                       # 46368\r\n==== wasm backtrace:\r\n  0: 0x1ab37950 - .unnamed!<unnamed>\r\n  1: 0x000032 - .unnamed!fib\r\n  2: 0x000039 - .unnamed!fib\r\n  3: 0x000039 - .unnamed!fib\r\n  4: 0x000039 - .unnamed!fib\r\n  5: 0x000039 - .unnamed!fib\r\n  6: 0x000039 - .unnamed!fib\r\n  7: 0x000039 - .unnamed!fib\r\n  8: 0x000039 - .unnamed!fib\r\n  9: 0x000039 - .unnamed!fib\r\n  10: 0x000039 - .unnamed!fib\r\n  11: 0x000039 - .unnamed!fib\r\n  12: 0x000039 - .unnamed!fib\r\n  13: 0x000039 - .unnamed!fib\r\n  14: 0x000039 - .unnamed!fib\r\n  15: 0x000039 - .unnamed!fib\r\n  16: 0x000039 - .unnamed!fib\r\n  17: 0x000039 - .unnamed!fib\r\n  18: 0x000039 - .unnamed!fib\r\n  19: 0x000039 - .unnamed!fib\r\n  20: 0x000032 - .unnamed!fib\r\n  21: 0x000032 - .unnamed!fib\r\n---------------------------------------------------------------------------\r\nRuntimeError                              Traceback (most recent call last)\r\n<ipython-input-1-79c70035d0fe> in <module>\r\n     11 rt.load(mod)\r\n     12 wasm_fib = rt.find_function(\"fib\")\r\n---> 13 result = wasm_fib(24)\r\n     14 print(result)                       # 46368\r\n\r\nRuntimeError: [trap] stack overflow\r\n\r\nIn [2]: \r\n```\r\nUbuntu 20\r\nanaconda3\r\nPython 3.7.6 ",
    "reactions": {
      "url": "https://api.github.com/repos/wasm3/wasm3/issues/313/reactions",
      "total_count": 0,
      "+1": 0,
      "-1": 0,
      "laugh": 0,
      "hooray": 0,
      "confused": 0,
      "heart": 0,
      "rocket": 0,
      "eyes": 0
    },
    "timeline_url": "https://api.github.com/repos/wasm3/wasm3/issues/313/timeline",
    "performed_via_github_app": null,
    "state_reason": "completed"
  },
  {
    "url": "https://api.github.com/repos/wasm3/wasm3/issues/232",
    "repository_url": "https://api.github.com/repos/wasm3/wasm3",
    "labels_url": "https://api.github.com/repos/wasm3/wasm3/issues/232/labels{/name}",
    "comments_url": "https://api.github.com/repos/wasm3/wasm3/issues/232/comments",
    "events_url": "https://api.github.com/repos/wasm3/wasm3/issues/232/events",
    "html_url": "https://github.com/wasm3/wasm3/issues/232",
    "id": 883343348,
    "node_id": "MDU6SXNzdWU4ODMzNDMzNDg=",
    "number": 232,
    "title": "Assertion failed at ../source/m3_compile.c:318",
    "user": {
      "login": "sinkingsugar",
      "id": 7008900,
      "node_id": "MDQ6VXNlcjcwMDg5MDA=",
      "avatar_url": "https://avatars.githubusercontent.com/u/7008900?v=4",
      "gravatar_id": "",
      "url": "https://api.github.com/users/sinkingsugar",
      "html_url": "https://github.com/sinkingsugar",
      "followers_url": "https://api.github.com/users/sinkingsugar/followers",
      "following_url": "https://api.github.com/users/sinkingsugar/following{/other_user}",
      "gists_url": "https://api.github.com/users/sinkingsugar/gists{/gist_id}",
      "starred_url": "https://api.github.com/users/sinkingsugar/starred{/owner}{/repo}",
      "subscriptions_url": "https://api.github.com/users/sinkingsugar/subscriptions",
      "organizations_url": "https://api.github.com/users/sinkingsugar/orgs",
      "repos_url": "https://api.github.com/users/sinkingsugar/repos",
      "events_url": "https://api.github.com/users/sinkingsugar/events{/privacy}",
      "received_events_url": "https://api.github.com/users/sinkingsugar/received_events",
      "type": "User",
      "site_admin": false
    },
    "labels": [
      {
        "id": 1589315280,
        "node_id": "MDU6TGFiZWwxNTg5MzE1Mjgw",
        "url": "https://api.github.com/repos/wasm3/wasm3/labels/bug",
        "name": "bug",
        "color": "d73a4a",
        "default": true,
        "description": "Something isn't working"
      }
    ],
    "state": "closed",
    "locked": false,
    "assignee": null,
    "assignees": [

    ],
    "milestone": null,
    "comments": 11,
    "created_at": "2021-05-10T04:28:52Z",
    "updated_at": "2021-05-29T00:10:58Z",
    "closed_at": "2021-05-28T18:55:03Z",
    "author_association": "CONTRIBUTOR",
    "active_lock_reason": null,
    "body": "Used to work fine a few months ago but now with the same WASI built .wasm I'm getting a lot of \"no operation found for opcode\" for opcode 0x36, sadly cannot run that binary on debug due to overflows.",
    "reactions": {
      "url": "https://api.github.com/repos/wasm3/wasm3/issues/232/reactions",
      "total_count": 0,
      "+1": 0,
      "-1": 0,
      "laugh": 0,
      "hooray": 0,
      "confused": 0,
      "heart": 0,
      "rocket": 0,
      "eyes": 0
    },
    "timeline_url": "https://api.github.com/repos/wasm3/wasm3/issues/232/timeline",
    "performed_via_github_app": null,
    "state_reason": "completed"
  },
  {
    "url": "https://api.github.com/repos/wasm3/wasm3/issues/218",
    "repository_url": "https://api.github.com/repos/wasm3/wasm3",
    "labels_url": "https://api.github.com/repos/wasm3/wasm3/issues/218/labels{/name}",
    "comments_url": "https://api.github.com/repos/wasm3/wasm3/issues/218/comments",
    "events_url": "https://api.github.com/repos/wasm3/wasm3/issues/218/events",
    "html_url": "https://github.com/wasm3/wasm3/issues/218",
    "id": 840181391,
    "node_id": "MDU6SXNzdWU4NDAxODEzOTE=",
    "number": 218,
    "title": "Invalid execution of optimized smallpt binary",
    "user": {
      "login": "vshymanskyy",
      "id": 1506708,
      "node_id": "MDQ6VXNlcjE1MDY3MDg=",
      "avatar_url": "https://avatars.githubusercontent.com/u/1506708?v=4",
      "gravatar_id": "",
      "url": "https://api.github.com/users/vshymanskyy",
      "html_url": "https://github.com/vshymanskyy",
      "followers_url": "https://api.github.com/users/vshymanskyy/followers",
      "following_url": "https://api.github.com/users/vshymanskyy/following{/other_user}",
      "gists_url": "https://api.github.com/users/vshymanskyy/gists{/gist_id}",
      "starred_url": "https://api.github.com/users/vshymanskyy/starred{/owner}{/repo}",
      "subscriptions_url": "https://api.github.com/users/vshymanskyy/subscriptions",
      "organizations_url": "https://api.github.com/users/vshymanskyy/orgs",
      "repos_url": "https://api.github.com/users/vshymanskyy/repos",
      "events_url": "https://api.github.com/users/vshymanskyy/events{/privacy}",
      "received_events_url": "https://api.github.com/users/vshymanskyy/received_events",
      "type": "User",
      "site_admin": false
    },
    "labels": [
      {
        "id": 1589315280,
        "node_id": "MDU6TGFiZWwxNTg5MzE1Mjgw",
        "url": "https://api.github.com/repos/wasm3/wasm3/labels/bug",
        "name": "bug",
        "color": "d73a4a",
        "default": true,
        "description": "Something isn't working"
      }
    ],
    "state": "closed",
    "locked": false,
    "assignee": null,
    "assignees": [

    ],
    "milestone": null,
    "comments": 12,
    "created_at": "2021-03-24T21:32:46Z",
    "updated_at": "2021-04-12T10:02:41Z",
    "closed_at": "2021-04-12T10:02:41Z",
    "author_association": "MEMBER",
    "active_lock_reason": null,
    "body": "`./wasm3 smallpt-ex.wasm 4 32 | sha1sum`\r\nProduces (correctly) `ea05d85998b2f453b588ef76a1256215bf9b851c`\r\n\r\nHowever if `smallpt-ex.wasm` is build with `-O3` or `-Os` flags, it produces wrong output.\r\nWith `-O2` or `-Oz`, it works as expected. They all execute fine in `wasmer`.\r\n\r\nPre-built binaries: [smallpt.zip](https://github.com/wasm3/wasm3/files/6200583/smallpt.zip)",
    "reactions": {
      "url": "https://api.github.com/repos/wasm3/wasm3/issues/218/reactions",
      "total_count": 0,
      "+1": 0,
      "-1": 0,
      "laugh": 0,
      "hooray": 0,
      "confused": 0,
      "heart": 0,
      "rocket": 0,
      "eyes": 0
    },
    "timeline_url": "https://api.github.com/repos/wasm3/wasm3/issues/218/timeline",
    "performed_via_github_app": null,
    "state_reason": "completed"
  },
  {
    "url": "https://api.github.com/repos/wasm3/wasm3/issues/209",
    "repository_url": "https://api.github.com/repos/wasm3/wasm3",
    "labels_url": "https://api.github.com/repos/wasm3/wasm3/issues/209/labels{/name}",
    "comments_url": "https://api.github.com/repos/wasm3/wasm3/issues/209/comments",
    "events_url": "https://api.github.com/repos/wasm3/wasm3/issues/209/events",
    "html_url": "https://github.com/wasm3/wasm3/issues/209",
    "id": 828131606,
    "node_id": "MDU6SXNzdWU4MjgxMzE2MDY=",
    "number": 209,
    "title": "Assertion failure in WASM binaries generated by AssemblyScript when a string concatenation is performed",
    "user": {
      "login": "Qix-",
      "id": 885648,
      "node_id": "MDQ6VXNlcjg4NTY0OA==",
      "avatar_url": "https://avatars.githubusercontent.com/u/885648?v=4",
      "gravatar_id": "",
      "url": "https://api.github.com/users/Qix-",
      "html_url": "https://github.com/Qix-",
      "followers_url": "https://api.github.com/users/Qix-/followers",
      "following_url": "https://api.github.com/users/Qix-/following{/other_user}",
      "gists_url": "https://api.github.com/users/Qix-/gists{/gist_id}",
      "starred_url": "https://api.github.com/users/Qix-/starred{/owner}{/repo}",
      "subscriptions_url": "https://api.github.com/users/Qix-/subscriptions",
      "organizations_url": "https://api.github.com/users/Qix-/orgs",
      "repos_url": "https://api.github.com/users/Qix-/repos",
      "events_url": "https://api.github.com/users/Qix-/events{/privacy}",
      "received_events_url": "https://api.github.com/users/Qix-/received_events",
      "type": "User",
      "site_admin": false
    },
    "labels": [
      {
        "id": 1589315280,
        "node_id": "MDU6TGFiZWwxNTg5MzE1Mjgw",
        "url": "https://api.github.com/repos/wasm3/wasm3/labels/bug",
        "name": "bug",
        "color": "d73a4a",
        "default": true,
        "description": "Something isn't working"
      }
    ],
    "state": "closed",
    "locked": false,
    "assignee": null,
    "assignees": [

    ],
    "milestone": null,
    "comments": 5,
    "created_at": "2021-03-10T18:04:13Z",
    "updated_at": "2021-04-05T19:42:42Z",
    "closed_at": "2021-04-05T19:37:35Z",
    "author_association": "NONE",
    "active_lock_reason": null,
    "body": "Sorry for the verbose title, didn't know how else to phrase it. I also don't know exactly where the \"bug\" lays, or the scope. Feel free to change it :)\r\n\r\n---\r\n\r\nI'm getting an assertion error when running a particular binary generated from AssemblyScript which goes away if I omit a string concatenation. I'm sure there's a more specific reason why this is happening but this is the only way I can consistently reproduce it.\r\n\r\nA self-contained reproduction case is here: https://github.com/Qix-/wasm3-as-concat-crash-repro\r\n\r\nThe assertion message is as follows:\r\n\r\n```\r\nrepro: /src/qix-/wasm3-as-concat-crash-repro/wasm3/source/m3_compile.c:323:\r\n    void AllocateRegister(IM3Compilation, u32, u16):\r\n        Assertion `! IsRegisterAllocated (o, i_register)' failed.\r\n```\r\n\r\n---\r\n\r\nFor completeness, the WAT file with the concat that causes the issue:\r\n\r\n<details>\r\n```wat\r\n(module\r\n (type $none_=>_i32 (func (result i32)))\r\n (type $none_=>_none (func))\r\n (type $i32_=>_none (func (param i32)))\r\n (type $i32_i32_i32_=>_none (func (param i32 i32 i32)))\r\n (type $i32_i32_i32_i32_=>_none (func (param i32 i32 i32 i32)))\r\n (type $i32_=>_i32 (func (param i32) (result i32)))\r\n (import \"env\" \"abort\" (func $~lib/builtins/abort (param i32 i32 i32 i32)))\r\n (import \"llio\" \"printw\" (func $assembly/llio/printw (param i32)))\r\n (memory $0 1)\r\n (data (i32.const 1036) \",\")\r\n (data (i32.const 1048) \"\\01\\00\\00\\00\\10\\00\\00\\00v\\00e\\00r\\00s\\00i\\00o\\00n\\00 \")\r\n (data (i32.const 1084) \"|\")\r\n (data (i32.const 1096) \"\\01\\00\\00\\00d\\00\\00\\00t\\00o\\00S\\00t\\00r\\00i\\00n\\00g\\00(\\00)\\00 \\00r\\00a\\00d\\00i\\00x\\00 \\00a\\00r\\00g\\00u\\00m\\00e\\00n\\00t\\00 \\00m\\00u\\00s\\00t\\00 \\00b\\00e\\00 \\00b\\00e\\00t\\00w\\00e\\00e\\00n\\00 \\002\\00 \\00a\\00n\\00d\\00 \\003\\006\")\r\n (data (i32.const 1212) \"<\")\r\n (data (i32.const 1224) \"\\01\\00\\00\\00&\\00\\00\\00~\\00l\\00i\\00b\\00/\\00u\\00t\\00i\\00l\\00/\\00n\\00u\\00m\\00b\\00e\\00r\\00.\\00t\\00s\")\r\n (data (i32.const 1276) \"\\1c\")\r\n (data (i32.const 1288) \"\\01\\00\\00\\00\\02\\00\\00\\000\")\r\n (data (i32.const 1308) \"<\")\r\n (data (i32.const 1320) \"\\01\\00\\00\\00(\\00\\00\\00A\\00l\\00l\\00o\\00c\\00a\\00t\\00i\\00o\\00n\\00 \\00t\\00o\\00o\\00 \\00l\\00a\\00r\\00g\\00e\")\r\n (data (i32.const 1372) \"<\")\r\n (data (i32.const 1384) \"\\01\\00\\00\\00\\1e\\00\\00\\00~\\00l\\00i\\00b\\00/\\00r\\00t\\00/\\00s\\00t\\00u\\00b\\00.\\00t\\00s\")\r\n (data (i32.const 1436) \"\\\\\")\r\n (data (i32.const 1448) \"\\01\\00\\00\\00H\\00\\00\\000\\001\\002\\003\\004\\005\\006\\007\\008\\009\\00a\\00b\\00c\\00d\\00e\\00f\\00g\\00h\\00i\\00j\\00k\\00l\\00m\\00n\\00o\\00p\\00q\\00r\\00s\\00t\\00u\\00v\\00w\\00x\\00y\\00z\")\r\n (data (i32.const 1532) \"\\1c\")\r\n (data (i32.const 1544) \"\\01\")\r\n (global $~lib/rt/stub/offset (mut i32) (i32.const 0))\r\n (export \"entry\" (func $assembly/index/entry))\r\n (export \"memory\" (memory $0))\r\n (start $~start)\r\n (func $~lib/string/String#get:length (param $0 i32) (result i32)\r\n  local.get $0\r\n  i32.const 20\r\n  i32.sub\r\n  i32.load offset=16\r\n  i32.const 1\r\n  i32.shr_u\r\n )\r\n (func $~lib/memory/memory.copy (param $0 i32) (param $1 i32) (param $2 i32)\r\n  (local $3 i32)\r\n  (local $4 i32)\r\n  block $~lib/util/memory/memmove|inlined.0\r\n   local.get $2\r\n   local.set $4\r\n   local.get $0\r\n   local.get $1\r\n   i32.eq\r\n   br_if $~lib/util/memory/memmove|inlined.0\r\n   local.get $0\r\n   local.get $1\r\n   i32.lt_u\r\n   if\r\n    loop $while-continue|0\r\n     local.get $4\r\n     if\r\n      local.get $0\r\n      local.tee $2\r\n      i32.const 1\r\n      i32.add\r\n      local.set $0\r\n      local.get $1\r\n      local.tee $3\r\n      i32.const 1\r\n      i32.add\r\n      local.set $1\r\n      local.get $2\r\n      local.get $3\r\n      i32.load8_u\r\n      i32.store8\r\n      local.get $4\r\n      i32.const 1\r\n      i32.sub\r\n      local.set $4\r\n      br $while-continue|0\r\n     end\r\n    end\r\n   else\r\n    loop $while-continue|1\r\n     local.get $4\r\n     if\r\n      local.get $0\r\n      local.get $4\r\n      i32.const 1\r\n      i32.sub\r\n      local.tee $4\r\n      i32.add\r\n      local.get $1\r\n      local.get $4\r\n      i32.add\r\n      i32.load8_u\r\n      i32.store8\r\n      br $while-continue|1\r\n     end\r\n    end\r\n   end\r\n  end\r\n )\r\n (func $~lib/string/String#concat (result i32)\r\n  (local $0 i32)\r\n  (local $1 i32)\r\n  (local $2 i32)\r\n  (local $3 i32)\r\n  (local $4 i32)\r\n  (local $5 i32)\r\n  (local $6 i32)\r\n  (local $7 i32)\r\n  (local $8 i32)\r\n  i32.const 1056\r\n  call $~lib/string/String#get:length\r\n  i32.const 1\r\n  i32.shl\r\n  local.tee $3\r\n  i32.const 1296\r\n  call $~lib/string/String#get:length\r\n  i32.const 1\r\n  i32.shl\r\n  local.tee $6\r\n  i32.add\r\n  local.tee $1\r\n  i32.eqz\r\n  if\r\n   i32.const 1552\r\n   return\r\n  end\r\n  local.get $1\r\n  i32.const 1073741804\r\n  i32.gt_u\r\n  if\r\n   i32.const 1328\r\n   i32.const 1392\r\n   i32.const 86\r\n   i32.const 30\r\n   call $~lib/builtins/abort\r\n   unreachable\r\n  end\r\n  local.get $1\r\n  i32.const 16\r\n  i32.add\r\n  local.tee $0\r\n  i32.const 1073741820\r\n  i32.gt_u\r\n  if\r\n   i32.const 1328\r\n   i32.const 1392\r\n   i32.const 33\r\n   i32.const 29\r\n   call $~lib/builtins/abort\r\n   unreachable\r\n  end\r\n  global.get $~lib/rt/stub/offset\r\n  global.get $~lib/rt/stub/offset\r\n  i32.const 4\r\n  i32.add\r\n  local.tee $4\r\n  local.get $0\r\n  i32.const 19\r\n  i32.add\r\n  i32.const -16\r\n  i32.and\r\n  i32.const 4\r\n  i32.sub\r\n  local.tee $8\r\n  i32.add\r\n  local.tee $0\r\n  memory.size\r\n  local.tee $5\r\n  i32.const 16\r\n  i32.shl\r\n  i32.const 15\r\n  i32.add\r\n  i32.const -16\r\n  i32.and\r\n  local.tee $2\r\n  i32.gt_u\r\n  if\r\n   local.get $5\r\n   local.get $0\r\n   local.get $2\r\n   i32.sub\r\n   i32.const 65535\r\n   i32.add\r\n   i32.const -65536\r\n   i32.and\r\n   i32.const 16\r\n   i32.shr_u\r\n   local.tee $2\r\n   local.get $2\r\n   local.get $5\r\n   i32.lt_s\r\n   select\r\n   memory.grow\r\n   i32.const 0\r\n   i32.lt_s\r\n   if\r\n    local.get $2\r\n    memory.grow\r\n    i32.const 0\r\n    i32.lt_s\r\n    if\r\n     unreachable\r\n    end\r\n   end\r\n  end\r\n  local.get $0\r\n  global.set $~lib/rt/stub/offset\r\n  local.get $8\r\n  i32.store\r\n  local.get $4\r\n  i32.const 4\r\n  i32.sub\r\n  local.tee $0\r\n  i32.const 0\r\n  i32.store offset=4\r\n  local.get $0\r\n  i32.const 0\r\n  i32.store offset=8\r\n  local.get $0\r\n  i32.const 1\r\n  i32.store offset=12\r\n  local.get $0\r\n  local.get $1\r\n  i32.store offset=16\r\n  local.get $4\r\n  i32.const 16\r\n  i32.add\r\n  local.tee $1\r\n  i32.const 1056\r\n  local.get $3\r\n  call $~lib/memory/memory.copy\r\n  local.get $1\r\n  local.get $3\r\n  i32.add\r\n  i32.const 1296\r\n  local.get $6\r\n  call $~lib/memory/memory.copy\r\n  local.get $1\r\n )\r\n (func $assembly/index/entry (result i32)\r\n  call $~lib/string/String#concat\r\n  call $assembly/llio/printw\r\n  i32.const 42\r\n )\r\n (func $~start\r\n  i32.const 1564\r\n  global.set $~lib/rt/stub/offset\r\n )\r\n)\r\n```\r\n</details>\r\n\r\nAnd the two functions that must be linked, in C++ (these can be found in the repro case):\r\n\r\n```c++\r\nstatic string w2c(const char16_t *wstr) {\r\n\treturn wstring_convert<codecvt_utf8_utf16<char16_t>, char16_t>{}.to_bytes(wstr);\r\n}\r\n\r\n// env.abort <v(iiii)>\r\nm3ApiRawFunction(do_abortw) {\r\n\tm3ApiReturnType(void);\r\n\tm3ApiGetArgMem(const char16_t *, message_s);\r\n\tm3ApiGetArgMem(const char16_t *, filename_s);\r\n\tm3ApiGetArg(int32_t, line);\r\n\tm3ApiGetArg(int32_t, col);\r\n\r\n\tcout << \"WASM ABORT: \" << w2c(message_s) << endl;\r\n\tcout << \"              at \" << w2c(filename_s) << \":\" << line << col << endl;\r\n\r\n\tm3ApiSuccess();\r\n}\r\n\r\n// llio.printw <v(i)>\r\nm3ApiRawFunction(do_printw) {\r\n\tm3ApiReturnType(void);\r\n\tm3ApiGetArgMem(const char16_t *, message_s);\r\n\r\n\tcout << \"[wasm] \" << w2c(message_s) << endl;\r\n\r\n\tm3ApiSuccess();\r\n}\r\n```\r\n\r\nThen call the exported function `entry` (`i()`) to run the repro case.\r\n\r\nA \"fixed\" case should print `version 0` to the command line and return `(i32) 42` from the call to `entry`.",
    "reactions": {
      "url": "https://api.github.com/repos/wasm3/wasm3/issues/209/reactions",
      "total_count": 0,
      "+1": 0,
      "-1": 0,
      "laugh": 0,
      "hooray": 0,
      "confused": 0,
      "heart": 0,
      "rocket": 0,
      "eyes": 0
    },
    "timeline_url": "https://api.github.com/repos/wasm3/wasm3/issues/209/timeline",
    "performed_via_github_app": null,
    "state_reason": "completed"
  },
  {
    "url": "https://api.github.com/repos/wasm3/wasm3/issues/208",
    "repository_url": "https://api.github.com/repos/wasm3/wasm3",
    "labels_url": "https://api.github.com/repos/wasm3/wasm3/issues/208/labels{/name}",
    "comments_url": "https://api.github.com/repos/wasm3/wasm3/issues/208/comments",
    "events_url": "https://api.github.com/repos/wasm3/wasm3/issues/208/events",
    "html_url": "https://github.com/wasm3/wasm3/issues/208",
    "id": 824676534,
    "node_id": "MDU6SXNzdWU4MjQ2NzY1MzQ=",
    "number": 208,
    "title": "m3_Malloc idiom fundamentally involves undefined behavior",
    "user": {
      "login": "richfelker",
      "id": 10458007,
      "node_id": "MDQ6VXNlcjEwNDU4MDA3",
      "avatar_url": "https://avatars.githubusercontent.com/u/10458007?v=4",
      "gravatar_id": "",
      "url": "https://api.github.com/users/richfelker",
      "html_url": "https://github.com/richfelker",
      "followers_url": "https://api.github.com/users/richfelker/followers",
      "following_url": "https://api.github.com/users/richfelker/following{/other_user}",
      "gists_url": "https://api.github.com/users/richfelker/gists{/gist_id}",
      "starred_url": "https://api.github.com/users/richfelker/starred{/owner}{/repo}",
      "subscriptions_url": "https://api.github.com/users/richfelker/subscriptions",
      "organizations_url": "https://api.github.com/users/richfelker/orgs",
      "repos_url": "https://api.github.com/users/richfelker/repos",
      "events_url": "https://api.github.com/users/richfelker/events{/privacy}",
      "received_events_url": "https://api.github.com/users/richfelker/received_events",
      "type": "User",
      "site_admin": false
    },
    "labels": [
      {
        "id": 1589315280,
        "node_id": "MDU6TGFiZWwxNTg5MzE1Mjgw",
        "url": "https://api.github.com/repos/wasm3/wasm3/labels/bug",
        "name": "bug",
        "color": "d73a4a",
        "default": true,
        "description": "Something isn't working"
      }
    ],
    "state": "closed",
    "locked": false,
    "assignee": null,
    "assignees": [

    ],
    "milestone": null,
    "comments": 4,
    "created_at": "2021-03-08T15:34:52Z",
    "updated_at": "2021-03-20T00:29:12Z",
    "closed_at": "2021-03-20T00:28:40Z",
    "author_association": "NONE",
    "active_lock_reason": null,
    "body": "I found this while browsing source:\r\n\r\nhttps://github.com/wasm3/wasm3/blob/1c44e6b75f16388d92451b9dca0f969bc3ba5cdb/source/m3_core.c#L474\r\n\r\nThe cast of the address of an object of type `char *` to `void **` and subsequent dereference as type `void *` in `m3_Malloc` invokes undefined behavior, by accessing an object with type different from its effective type. This can be fixed at every call point by using a temporary object of type `void *`, as in:\r\n\r\n```\r\nvoid *tmp;\r\nresult = m3_Malloc (& tmp, utf8Length + 1);\r\nif (!result) utf8 = tmp;\r\n```\r\n\r\nbut this is error-prone and clumsy. The right fix is to return pointers as values, as the standard `malloc` does, rather than through a pointer-to-`void *` argument.\r\n\r\nA compiler is entitled to transform the code as it's written now such that it does not work, and may actually do so with LTO. If it's not clear why the code as it's written as wrong, a useful thought experiment (note: there are not interesting implementations that do this; it's not the point) is to imagine as system where `void *` is 64 bits and `char *` (or whatever the actual type is) is 32 bits, in which case there is a clear out-of-bounds store. But even with them having the same size and representation (as they do in the real world), the store through an lvalue of the wrong type is undefined.\r\n",
    "reactions": {
      "url": "https://api.github.com/repos/wasm3/wasm3/issues/208/reactions",
      "total_count": 1,
      "+1": 1,
      "-1": 0,
      "laugh": 0,
      "hooray": 0,
      "confused": 0,
      "heart": 0,
      "rocket": 0,
      "eyes": 0
    },
    "timeline_url": "https://api.github.com/repos/wasm3/wasm3/issues/208/timeline",
    "performed_via_github_app": null,
    "state_reason": "completed"
  },
  {
    "url": "https://api.github.com/repos/wasm3/wasm3/issues/189",
    "repository_url": "https://api.github.com/repos/wasm3/wasm3",
    "labels_url": "https://api.github.com/repos/wasm3/wasm3/issues/189/labels{/name}",
    "comments_url": "https://api.github.com/repos/wasm3/wasm3/issues/189/comments",
    "events_url": "https://api.github.com/repos/wasm3/wasm3/issues/189/events",
    "html_url": "https://github.com/wasm3/wasm3/issues/189",
    "id": 784518533,
    "node_id": "MDU6SXNzdWU3ODQ1MTg1MzM=",
    "number": 189,
    "title": "MSVC reports syntax error in source/extra/wasi_core.h after \"Whence fixes\" commit (05e1865)",
    "user": {
      "login": "emiltayl",
      "id": 652697,
      "node_id": "MDQ6VXNlcjY1MjY5Nw==",
      "avatar_url": "https://avatars.githubusercontent.com/u/652697?v=4",
      "gravatar_id": "",
      "url": "https://api.github.com/users/emiltayl",
      "html_url": "https://github.com/emiltayl",
      "followers_url": "https://api.github.com/users/emiltayl/followers",
      "following_url": "https://api.github.com/users/emiltayl/following{/other_user}",
      "gists_url": "https://api.github.com/users/emiltayl/gists{/gist_id}",
      "starred_url": "https://api.github.com/users/emiltayl/starred{/owner}{/repo}",
      "subscriptions_url": "https://api.github.com/users/emiltayl/subscriptions",
      "organizations_url": "https://api.github.com/users/emiltayl/orgs",
      "repos_url": "https://api.github.com/users/emiltayl/repos",
      "events_url": "https://api.github.com/users/emiltayl/events{/privacy}",
      "received_events_url": "https://api.github.com/users/emiltayl/received_events",
      "type": "User",
      "site_admin": false
    },
    "labels": [
      {
        "id": 1589315280,
        "node_id": "MDU6TGFiZWwxNTg5MzE1Mjgw",
        "url": "https://api.github.com/repos/wasm3/wasm3/labels/bug",
        "name": "bug",
        "color": "d73a4a",
        "default": true,
        "description": "Something isn't working"
      }
    ],
    "state": "closed",
    "locked": false,
    "assignee": {
      "login": "vshymanskyy",
      "id": 1506708,
      "node_id": "MDQ6VXNlcjE1MDY3MDg=",
      "avatar_url": "https://avatars.githubusercontent.com/u/1506708?v=4",
      "gravatar_id": "",
      "url": "https://api.github.com/users/vshymanskyy",
      "html_url": "https://github.com/vshymanskyy",
      "followers_url": "https://api.github.com/users/vshymanskyy/followers",
      "following_url": "https://api.github.com/users/vshymanskyy/following{/other_user}",
      "gists_url": "https://api.github.com/users/vshymanskyy/gists{/gist_id}",
      "starred_url": "https://api.github.com/users/vshymanskyy/starred{/owner}{/repo}",
      "subscriptions_url": "https://api.github.com/users/vshymanskyy/subscriptions",
      "organizations_url": "https://api.github.com/users/vshymanskyy/orgs",
      "repos_url": "https://api.github.com/users/vshymanskyy/repos",
      "events_url": "https://api.github.com/users/vshymanskyy/events{/privacy}",
      "received_events_url": "https://api.github.com/users/vshymanskyy/received_events",
      "type": "User",
      "site_admin": false
    },
    "assignees": [
      {
        "login": "vshymanskyy",
        "id": 1506708,
        "node_id": "MDQ6VXNlcjE1MDY3MDg=",
        "avatar_url": "https://avatars.githubusercontent.com/u/1506708?v=4",
        "gravatar_id": "",
        "url": "https://api.github.com/users/vshymanskyy",
        "html_url": "https://github.com/vshymanskyy",
        "followers_url": "https://api.github.com/users/vshymanskyy/followers",
        "following_url": "https://api.github.com/users/vshymanskyy/following{/other_user}",
        "gists_url": "https://api.github.com/users/vshymanskyy/gists{/gist_id}",
        "starred_url": "https://api.github.com/users/vshymanskyy/starred{/owner}{/repo}",
        "subscriptions_url": "https://api.github.com/users/vshymanskyy/subscriptions",
        "organizations_url": "https://api.github.com/users/vshymanskyy/orgs",
        "repos_url": "https://api.github.com/users/vshymanskyy/repos",
        "events_url": "https://api.github.com/users/vshymanskyy/events{/privacy}",
        "received_events_url": "https://api.github.com/users/vshymanskyy/received_events",
        "type": "User",
        "site_admin": false
      }
    ],
    "milestone": null,
    "comments": 4,
    "created_at": "2021-01-12T19:15:13Z",
    "updated_at": "2021-01-19T08:44:16Z",
    "closed_at": "2021-01-18T12:25:34Z",
    "author_association": "NONE",
    "active_lock_reason": null,
    "body": "After the latest commit (05e1865) I am no longer able to compile wasm3 using MSVC. \r\n\r\nCompiling results in many (>100) errors like this:\r\n\r\n```\r\nwasm3\\source\\extra/wasi_core.h(38): error C2143: syntax error: missing ')' before 'alignof'\r\nwasm3\\source\\extra/wasi_core.h(38): error C2143: syntax error: missing '{' before 'alignof'\r\n```\r\n\r\nI suspect the issue is caused by the following lines having been removed from wasi_core.h:\r\n\r\n```\r\n# if defined (M3_COMPILER_MSVC)\r\n#  define _Static_assert(...)\r\n#  define __attribute__(...)\r\n# endif\r\n```",
    "reactions": {
      "url": "https://api.github.com/repos/wasm3/wasm3/issues/189/reactions",
      "total_count": 1,
      "+1": 0,
      "-1": 0,
      "laugh": 0,
      "hooray": 0,
      "confused": 0,
      "heart": 0,
      "rocket": 0,
      "eyes": 1
    },
    "timeline_url": "https://api.github.com/repos/wasm3/wasm3/issues/189/timeline",
    "performed_via_github_app": null,
    "state_reason": "completed"
  },
  {
    "url": "https://api.github.com/repos/wasm3/wasm3/issues/143",
    "repository_url": "https://api.github.com/repos/wasm3/wasm3",
    "labels_url": "https://api.github.com/repos/wasm3/wasm3/issues/143/labels{/name}",
    "comments_url": "https://api.github.com/repos/wasm3/wasm3/issues/143/comments",
    "events_url": "https://api.github.com/repos/wasm3/wasm3/issues/143/events",
    "html_url": "https://github.com/wasm3/wasm3/issues/143",
    "id": 623244310,
    "node_id": "MDU6SXNzdWU2MjMyNDQzMTA=",
    "number": 143,
    "title": "FindFunction is confused with import and export having same name",
    "user": {
      "login": "axic",
      "id": 20340,
      "node_id": "MDQ6VXNlcjIwMzQw",
      "avatar_url": "https://avatars.githubusercontent.com/u/20340?v=4",
      "gravatar_id": "",
      "url": "https://api.github.com/users/axic",
      "html_url": "https://github.com/axic",
      "followers_url": "https://api.github.com/users/axic/followers",
      "following_url": "https://api.github.com/users/axic/following{/other_user}",
      "gists_url": "https://api.github.com/users/axic/gists{/gist_id}",
      "starred_url": "https://api.github.com/users/axic/starred{/owner}{/repo}",
      "subscriptions_url": "https://api.github.com/users/axic/subscriptions",
      "organizations_url": "https://api.github.com/users/axic/orgs",
      "repos_url": "https://api.github.com/users/axic/repos",
      "events_url": "https://api.github.com/users/axic/events{/privacy}",
      "received_events_url": "https://api.github.com/users/axic/received_events",
      "type": "User",
      "site_admin": false
    },
    "labels": [
      {
        "id": 1589315280,
        "node_id": "MDU6TGFiZWwxNTg5MzE1Mjgw",
        "url": "https://api.github.com/repos/wasm3/wasm3/labels/bug",
        "name": "bug",
        "color": "d73a4a",
        "default": true,
        "description": "Something isn't working"
      },
      {
        "id": 1850103393,
        "node_id": "MDU6TGFiZWwxODUwMTAzMzkz",
        "url": "https://api.github.com/repos/wasm3/wasm3/labels/API",
        "name": "API",
        "color": "4a8ae2",
        "default": false,
        "description": "May impact API"
      }
    ],
    "state": "closed",
    "locked": false,
    "assignee": null,
    "assignees": [

    ],
    "milestone": null,
    "comments": 5,
    "created_at": "2020-05-22T14:21:10Z",
    "updated_at": "2021-03-05T09:40:54Z",
    "closed_at": "2021-03-03T19:51:03Z",
    "author_association": "CONTRIBUTOR",
    "active_lock_reason": null,
    "body": "In this example `env:adler32` is imported and `adler32` is exported:\r\n\r\n```\r\n(module\r\n  (type (;0;) (func (param i32 i32) (result i32)))\r\n  (type (;1;) (func (param i32) (result i32)))\r\n  (import \"env\" \"adler32\" (func (;0;) (type 0)))\r\n  (func (;1;) (type 1) (param i32) (result i32)\r\n    (local i32)\r\n    loop  ;; label = @1\r\n      local.get 1\r\n      i32.const 0\r\n      i32.const 4\r\n      call 0\r\n      i32.add\r\n      local.set 1\r\n      local.get 0\r\n      i32.const 1\r\n      i32.sub\r\n      local.tee 0\r\n      br_if 0 (;@1;)\r\n    end\r\n    local.get 1)\r\n  (memory (;0;) 1)\r\n  (export \"memory\" (memory 0))\r\n  (export \"adler32\" (func 1))\r\n  (data (;0;) (i32.const 0) \"11223344\"))\r\n```\r\n\r\n`m3_FindFunction` seems to return the function index of the import. I think that is because `Module_AddFunction` is used both in `ParseSection_Function` and `ParseSection_Import` and the underlying function list doesn't differentiate. ",
    "reactions": {
      "url": "https://api.github.com/repos/wasm3/wasm3/issues/143/reactions",
      "total_count": 0,
      "+1": 0,
      "-1": 0,
      "laugh": 0,
      "hooray": 0,
      "confused": 0,
      "heart": 0,
      "rocket": 0,
      "eyes": 0
    },
    "timeline_url": "https://api.github.com/repos/wasm3/wasm3/issues/143/timeline",
    "performed_via_github_app": null,
    "state_reason": "completed"
  },
  {
    "url": "https://api.github.com/repos/wasm3/wasm3/issues/103",
    "repository_url": "https://api.github.com/repos/wasm3/wasm3",
    "labels_url": "https://api.github.com/repos/wasm3/wasm3/issues/103/labels{/name}",
    "comments_url": "https://api.github.com/repos/wasm3/wasm3/issues/103/comments",
    "events_url": "https://api.github.com/repos/wasm3/wasm3/issues/103/events",
    "html_url": "https://github.com/wasm3/wasm3/issues/103",
    "id": 565826259,
    "node_id": "MDU6SXNzdWU1NjU4MjYyNTk=",
    "number": 103,
    "title": "Imported functions not accessible from start function",
    "user": {
      "login": "vshymanskyy",
      "id": 1506708,
      "node_id": "MDQ6VXNlcjE1MDY3MDg=",
      "avatar_url": "https://avatars.githubusercontent.com/u/1506708?v=4",
      "gravatar_id": "",
      "url": "https://api.github.com/users/vshymanskyy",
      "html_url": "https://github.com/vshymanskyy",
      "followers_url": "https://api.github.com/users/vshymanskyy/followers",
      "following_url": "https://api.github.com/users/vshymanskyy/following{/other_user}",
      "gists_url": "https://api.github.com/users/vshymanskyy/gists{/gist_id}",
      "starred_url": "https://api.github.com/users/vshymanskyy/starred{/owner}{/repo}",
      "subscriptions_url": "https://api.github.com/users/vshymanskyy/subscriptions",
      "organizations_url": "https://api.github.com/users/vshymanskyy/orgs",
      "repos_url": "https://api.github.com/users/vshymanskyy/repos",
      "events_url": "https://api.github.com/users/vshymanskyy/events{/privacy}",
      "received_events_url": "https://api.github.com/users/vshymanskyy/received_events",
      "type": "User",
      "site_admin": false
    },
    "labels": [
      {
        "id": 1589315280,
        "node_id": "MDU6TGFiZWwxNTg5MzE1Mjgw",
        "url": "https://api.github.com/repos/wasm3/wasm3/labels/bug",
        "name": "bug",
        "color": "d73a4a",
        "default": true,
        "description": "Something isn't working"
      },
      {
        "id": 1850103393,
        "node_id": "MDU6TGFiZWwxODUwMTAzMzkz",
        "url": "https://api.github.com/repos/wasm3/wasm3/labels/API",
        "name": "API",
        "color": "4a8ae2",
        "default": false,
        "description": "May impact API"
      }
    ],
    "state": "closed",
    "locked": false,
    "assignee": null,
    "assignees": [

    ],
    "milestone": null,
    "comments": 1,
    "created_at": "2020-02-15T23:55:03Z",
    "updated_at": "2020-12-28T21:57:53Z",
    "closed_at": "2020-12-28T21:57:53Z",
    "author_association": "MEMBER",
    "active_lock_reason": null,
    "body": "`(start ...)` function may access imported functions, but our API does not allow linking functions before the module is instantiated. This was hot-fixed in the arduino variant, but needs a proper fix.",
    "reactions": {
      "url": "https://api.github.com/repos/wasm3/wasm3/issues/103/reactions",
      "total_count": 0,
      "+1": 0,
      "-1": 0,
      "laugh": 0,
      "hooray": 0,
      "confused": 0,
      "heart": 0,
      "rocket": 0,
      "eyes": 0
    },
    "timeline_url": "https://api.github.com/repos/wasm3/wasm3/issues/103/timeline",
    "performed_via_github_app": null,
    "state_reason": "completed"
  },
  {
    "url": "https://api.github.com/repos/wasm3/wasm3/issues/67",
    "repository_url": "https://api.github.com/repos/wasm3/wasm3",
    "labels_url": "https://api.github.com/repos/wasm3/wasm3/issues/67/labels{/name}",
    "comments_url": "https://api.github.com/repos/wasm3/wasm3/issues/67/comments",
    "events_url": "https://api.github.com/repos/wasm3/wasm3/issues/67/events",
    "html_url": "https://github.com/wasm3/wasm3/issues/67",
    "id": 553869821,
    "node_id": "MDU6SXNzdWU1NTM4Njk4MjE=",
    "number": 67,
    "title": "m3_GetErrorInfo broken",
    "user": {
      "login": "soundandform",
      "id": 1843770,
      "node_id": "MDQ6VXNlcjE4NDM3NzA=",
      "avatar_url": "https://avatars.githubusercontent.com/u/1843770?v=4",
      "gravatar_id": "",
      "url": "https://api.github.com/users/soundandform",
      "html_url": "https://github.com/soundandform",
      "followers_url": "https://api.github.com/users/soundandform/followers",
      "following_url": "https://api.github.com/users/soundandform/following{/other_user}",
      "gists_url": "https://api.github.com/users/soundandform/gists{/gist_id}",
      "starred_url": "https://api.github.com/users/soundandform/starred{/owner}{/repo}",
      "subscriptions_url": "https://api.github.com/users/soundandform/subscriptions",
      "organizations_url": "https://api.github.com/users/soundandform/orgs",
      "repos_url": "https://api.github.com/users/soundandform/repos",
      "events_url": "https://api.github.com/users/soundandform/events{/privacy}",
      "received_events_url": "https://api.github.com/users/soundandform/received_events",
      "type": "User",
      "site_admin": false
    },
    "labels": [
      {
        "id": 1589315280,
        "node_id": "MDU6TGFiZWwxNTg5MzE1Mjgw",
        "url": "https://api.github.com/repos/wasm3/wasm3/labels/bug",
        "name": "bug",
        "color": "d73a4a",
        "default": true,
        "description": "Something isn't working"
      }
    ],
    "state": "closed",
    "locked": false,
    "assignee": {
      "login": "vshymanskyy",
      "id": 1506708,
      "node_id": "MDQ6VXNlcjE1MDY3MDg=",
      "avatar_url": "https://avatars.githubusercontent.com/u/1506708?v=4",
      "gravatar_id": "",
      "url": "https://api.github.com/users/vshymanskyy",
      "html_url": "https://github.com/vshymanskyy",
      "followers_url": "https://api.github.com/users/vshymanskyy/followers",
      "following_url": "https://api.github.com/users/vshymanskyy/following{/other_user}",
      "gists_url": "https://api.github.com/users/vshymanskyy/gists{/gist_id}",
      "starred_url": "https://api.github.com/users/vshymanskyy/starred{/owner}{/repo}",
      "subscriptions_url": "https://api.github.com/users/vshymanskyy/subscriptions",
      "organizations_url": "https://api.github.com/users/vshymanskyy/orgs",
      "repos_url": "https://api.github.com/users/vshymanskyy/repos",
      "events_url": "https://api.github.com/users/vshymanskyy/events{/privacy}",
      "received_events_url": "https://api.github.com/users/vshymanskyy/received_events",
      "type": "User",
      "site_admin": false
    },
    "assignees": [
      {
        "login": "vshymanskyy",
        "id": 1506708,
        "node_id": "MDQ6VXNlcjE1MDY3MDg=",
        "avatar_url": "https://avatars.githubusercontent.com/u/1506708?v=4",
        "gravatar_id": "",
        "url": "https://api.github.com/users/vshymanskyy",
        "html_url": "https://github.com/vshymanskyy",
        "followers_url": "https://api.github.com/users/vshymanskyy/followers",
        "following_url": "https://api.github.com/users/vshymanskyy/following{/other_user}",
        "gists_url": "https://api.github.com/users/vshymanskyy/gists{/gist_id}",
        "starred_url": "https://api.github.com/users/vshymanskyy/starred{/owner}{/repo}",
        "subscriptions_url": "https://api.github.com/users/vshymanskyy/subscriptions",
        "organizations_url": "https://api.github.com/users/vshymanskyy/orgs",
        "repos_url": "https://api.github.com/users/vshymanskyy/repos",
        "events_url": "https://api.github.com/users/vshymanskyy/events{/privacy}",
        "received_events_url": "https://api.github.com/users/vshymanskyy/received_events",
        "type": "User",
        "site_admin": false
      }
    ],
    "milestone": null,
    "comments": 2,
    "created_at": "2020-01-23T00:17:06Z",
    "updated_at": "2020-02-18T01:15:49Z",
    "closed_at": "2020-02-18T01:15:15Z",
    "author_association": "MEMBER",
    "active_lock_reason": null,
    "body": "M3ErrorInfo originally used a fixed string array to simplify & avoid memory ownership issues. The pointer mechanism in use now is getting nullified  when m3_GetErrorInfo is called so no actual error information is show.\r\n",
    "reactions": {
      "url": "https://api.github.com/repos/wasm3/wasm3/issues/67/reactions",
      "total_count": 0,
      "+1": 0,
      "-1": 0,
      "laugh": 0,
      "hooray": 0,
      "confused": 0,
      "heart": 0,
      "rocket": 0,
      "eyes": 0
    },
    "timeline_url": "https://api.github.com/repos/wasm3/wasm3/issues/67/timeline",
    "performed_via_github_app": null,
    "state_reason": "completed"
  },
  {
    "url": "https://api.github.com/repos/wasm3/wasm3/issues/64",
    "repository_url": "https://api.github.com/repos/wasm3/wasm3",
    "labels_url": "https://api.github.com/repos/wasm3/wasm3/issues/64/labels{/name}",
    "comments_url": "https://api.github.com/repos/wasm3/wasm3/issues/64/comments",
    "events_url": "https://api.github.com/repos/wasm3/wasm3/issues/64/events",
    "html_url": "https://github.com/wasm3/wasm3/issues/64",
    "id": 552711077,
    "node_id": "MDU6SXNzdWU1NTI3MTEwNzc=",
    "number": 64,
    "title": "In PreservedCopyTopSlot and Compile_SetGlobal, we should differentiate the cases for f64/f32/i64/i32",
    "user": {
      "login": "kgdev",
      "id": 6348456,
      "node_id": "MDQ6VXNlcjYzNDg0NTY=",
      "avatar_url": "https://avatars.githubusercontent.com/u/6348456?v=4",
      "gravatar_id": "",
      "url": "https://api.github.com/users/kgdev",
      "html_url": "https://github.com/kgdev",
      "followers_url": "https://api.github.com/users/kgdev/followers",
      "following_url": "https://api.github.com/users/kgdev/following{/other_user}",
      "gists_url": "https://api.github.com/users/kgdev/gists{/gist_id}",
      "starred_url": "https://api.github.com/users/kgdev/starred{/owner}{/repo}",
      "subscriptions_url": "https://api.github.com/users/kgdev/subscriptions",
      "organizations_url": "https://api.github.com/users/kgdev/orgs",
      "repos_url": "https://api.github.com/users/kgdev/repos",
      "events_url": "https://api.github.com/users/kgdev/events{/privacy}",
      "received_events_url": "https://api.github.com/users/kgdev/received_events",
      "type": "User",
      "site_admin": false
    },
    "labels": [
      {
        "id": 1589315280,
        "node_id": "MDU6TGFiZWwxNTg5MzE1Mjgw",
        "url": "https://api.github.com/repos/wasm3/wasm3/labels/bug",
        "name": "bug",
        "color": "d73a4a",
        "default": true,
        "description": "Something isn't working"
      }
    ],
    "state": "closed",
    "locked": false,
    "assignee": null,
    "assignees": [

    ],
    "milestone": null,
    "comments": 2,
    "created_at": "2020-01-21T08:58:50Z",
    "updated_at": "2020-02-01T12:17:17Z",
    "closed_at": "2020-02-01T12:17:17Z",
    "author_association": "NONE",
    "active_lock_reason": null,
    "body": "![image](https://user-images.githubusercontent.com/6348456/72789717-349d9380-3c6f-11ea-9d48-905e95731100.png)\r\n![image](https://user-images.githubusercontent.com/6348456/72789745-3cf5ce80-3c6f-11ea-940c-517f7f4c1d40.png)\r\n\r\n\r\nIn CopyTopSlot, we can just use op_CopySlot_64. op_CopySlot_32 is unnecessary.",
    "reactions": {
      "url": "https://api.github.com/repos/wasm3/wasm3/issues/64/reactions",
      "total_count": 0,
      "+1": 0,
      "-1": 0,
      "laugh": 0,
      "hooray": 0,
      "confused": 0,
      "heart": 0,
      "rocket": 0,
      "eyes": 0
    },
    "timeline_url": "https://api.github.com/repos/wasm3/wasm3/issues/64/timeline",
    "performed_via_github_app": null,
    "state_reason": "completed"
  },
  {
    "url": "https://api.github.com/repos/wasm3/wasm3/issues/54",
    "repository_url": "https://api.github.com/repos/wasm3/wasm3",
    "labels_url": "https://api.github.com/repos/wasm3/wasm3/issues/54/labels{/name}",
    "comments_url": "https://api.github.com/repos/wasm3/wasm3/issues/54/comments",
    "events_url": "https://api.github.com/repos/wasm3/wasm3/issues/54/events",
    "html_url": "https://github.com/wasm3/wasm3/issues/54",
    "id": 550532791,
    "node_id": "MDU6SXNzdWU1NTA1MzI3OTE=",
    "number": 54,
    "title": "calculation of numActiveCodePages is wrong.",
    "user": {
      "login": "kgdev",
      "id": 6348456,
      "node_id": "MDQ6VXNlcjYzNDg0NTY=",
      "avatar_url": "https://avatars.githubusercontent.com/u/6348456?v=4",
      "gravatar_id": "",
      "url": "https://api.github.com/users/kgdev",
      "html_url": "https://github.com/kgdev",
      "followers_url": "https://api.github.com/users/kgdev/followers",
      "following_url": "https://api.github.com/users/kgdev/following{/other_user}",
      "gists_url": "https://api.github.com/users/kgdev/gists{/gist_id}",
      "starred_url": "https://api.github.com/users/kgdev/starred{/owner}{/repo}",
      "subscriptions_url": "https://api.github.com/users/kgdev/subscriptions",
      "organizations_url": "https://api.github.com/users/kgdev/orgs",
      "repos_url": "https://api.github.com/users/kgdev/repos",
      "events_url": "https://api.github.com/users/kgdev/events{/privacy}",
      "received_events_url": "https://api.github.com/users/kgdev/received_events",
      "type": "User",
      "site_admin": false
    },
    "labels": [
      {
        "id": 1589315280,
        "node_id": "MDU6TGFiZWwxNTg5MzE1Mjgw",
        "url": "https://api.github.com/repos/wasm3/wasm3/labels/bug",
        "name": "bug",
        "color": "d73a4a",
        "default": true,
        "description": "Something isn't working"
      }
    ],
    "state": "closed",
    "locked": false,
    "assignee": null,
    "assignees": [

    ],
    "milestone": null,
    "comments": 4,
    "created_at": "2020-01-16T02:15:37Z",
    "updated_at": "2020-02-03T08:29:21Z",
    "closed_at": "2020-01-17T13:32:58Z",
    "author_association": "NONE",
    "active_lock_reason": null,
    "body": "![image](https://user-images.githubusercontent.com/6348456/72487446-0243fe80-3849-11ea-9bf9-0c951f8c84a6.png)\r\n\r\nThe call could be nested. So numActiveCodePages should be added beforehand.",
    "reactions": {
      "url": "https://api.github.com/repos/wasm3/wasm3/issues/54/reactions",
      "total_count": 0,
      "+1": 0,
      "-1": 0,
      "laugh": 0,
      "hooray": 0,
      "confused": 0,
      "heart": 0,
      "rocket": 0,
      "eyes": 0
    },
    "timeline_url": "https://api.github.com/repos/wasm3/wasm3/issues/54/timeline",
    "performed_via_github_app": null,
    "state_reason": "completed"
  },
  {
    "url": "https://api.github.com/repos/wasm3/wasm3/issues/40",
    "repository_url": "https://api.github.com/repos/wasm3/wasm3",
    "labels_url": "https://api.github.com/repos/wasm3/wasm3/issues/40/labels{/name}",
    "comments_url": "https://api.github.com/repos/wasm3/wasm3/issues/40/comments",
    "events_url": "https://api.github.com/repos/wasm3/wasm3/issues/40/events",
    "html_url": "https://github.com/wasm3/wasm3/issues/40",
    "id": 547499815,
    "node_id": "MDU6SXNzdWU1NDc0OTk4MTU=",
    "number": 40,
    "title": "preserving local: N to slot: N, m3NotImplemented",
    "user": {
      "login": "kgdev",
      "id": 6348456,
      "node_id": "MDQ6VXNlcjYzNDg0NTY=",
      "avatar_url": "https://avatars.githubusercontent.com/u/6348456?v=4",
      "gravatar_id": "",
      "url": "https://api.github.com/users/kgdev",
      "html_url": "https://github.com/kgdev",
      "followers_url": "https://api.github.com/users/kgdev/followers",
      "following_url": "https://api.github.com/users/kgdev/following{/other_user}",
      "gists_url": "https://api.github.com/users/kgdev/gists{/gist_id}",
      "starred_url": "https://api.github.com/users/kgdev/starred{/owner}{/repo}",
      "subscriptions_url": "https://api.github.com/users/kgdev/subscriptions",
      "organizations_url": "https://api.github.com/users/kgdev/orgs",
      "repos_url": "https://api.github.com/users/kgdev/repos",
      "events_url": "https://api.github.com/users/kgdev/events{/privacy}",
      "received_events_url": "https://api.github.com/users/kgdev/received_events",
      "type": "User",
      "site_admin": false
    },
    "labels": [
      {
        "id": 1589315280,
        "node_id": "MDU6TGFiZWwxNTg5MzE1Mjgw",
        "url": "https://api.github.com/repos/wasm3/wasm3/labels/bug",
        "name": "bug",
        "color": "d73a4a",
        "default": true,
        "description": "Something isn't working"
      }
    ],
    "state": "closed",
    "locked": false,
    "assignee": {
      "login": "soundandform",
      "id": 1843770,
      "node_id": "MDQ6VXNlcjE4NDM3NzA=",
      "avatar_url": "https://avatars.githubusercontent.com/u/1843770?v=4",
      "gravatar_id": "",
      "url": "https://api.github.com/users/soundandform",
      "html_url": "https://github.com/soundandform",
      "followers_url": "https://api.github.com/users/soundandform/followers",
      "following_url": "https://api.github.com/users/soundandform/following{/other_user}",
      "gists_url": "https://api.github.com/users/soundandform/gists{/gist_id}",
      "starred_url": "https://api.github.com/users/soundandform/starred{/owner}{/repo}",
      "subscriptions_url": "https://api.github.com/users/soundandform/subscriptions",
      "organizations_url": "https://api.github.com/users/soundandform/orgs",
      "repos_url": "https://api.github.com/users/soundandform/repos",
      "events_url": "https://api.github.com/users/soundandform/events{/privacy}",
      "received_events_url": "https://api.github.com/users/soundandform/received_events",
      "type": "User",
      "site_admin": false
    },
    "assignees": [
      {
        "login": "soundandform",
        "id": 1843770,
        "node_id": "MDQ6VXNlcjE4NDM3NzA=",
        "avatar_url": "https://avatars.githubusercontent.com/u/1843770?v=4",
        "gravatar_id": "",
        "url": "https://api.github.com/users/soundandform",
        "html_url": "https://github.com/soundandform",
        "followers_url": "https://api.github.com/users/soundandform/followers",
        "following_url": "https://api.github.com/users/soundandform/following{/other_user}",
        "gists_url": "https://api.github.com/users/soundandform/gists{/gist_id}",
        "starred_url": "https://api.github.com/users/soundandform/starred{/owner}{/repo}",
        "subscriptions_url": "https://api.github.com/users/soundandform/subscriptions",
        "organizations_url": "https://api.github.com/users/soundandform/orgs",
        "repos_url": "https://api.github.com/users/soundandform/repos",
        "events_url": "https://api.github.com/users/soundandform/events{/privacy}",
        "received_events_url": "https://api.github.com/users/soundandform/received_events",
        "type": "User",
        "site_admin": false
      }
    ],
    "milestone": {
      "url": "https://api.github.com/repos/wasm3/wasm3/milestones/1",
      "html_url": "https://github.com/wasm3/wasm3/milestone/1",
      "labels_url": "https://api.github.com/repos/wasm3/wasm3/milestones/1/labels",
      "id": 4991933,
      "node_id": "MDk6TWlsZXN0b25lNDk5MTkzMw==",
      "number": 1,
      "title": "v0.5.0",
      "description": null,
      "creator": {
        "login": "vshymanskyy",
        "id": 1506708,
        "node_id": "MDQ6VXNlcjE1MDY3MDg=",
        "avatar_url": "https://avatars.githubusercontent.com/u/1506708?v=4",
        "gravatar_id": "",
        "url": "https://api.github.com/users/vshymanskyy",
        "html_url": "https://github.com/vshymanskyy",
        "followers_url": "https://api.github.com/users/vshymanskyy/followers",
        "following_url": "https://api.github.com/users/vshymanskyy/following{/other_user}",
        "gists_url": "https://api.github.com/users/vshymanskyy/gists{/gist_id}",
        "starred_url": "https://api.github.com/users/vshymanskyy/starred{/owner}{/repo}",
        "subscriptions_url": "https://api.github.com/users/vshymanskyy/subscriptions",
        "organizations_url": "https://api.github.com/users/vshymanskyy/orgs",
        "repos_url": "https://api.github.com/users/vshymanskyy/repos",
        "events_url": "https://api.github.com/users/vshymanskyy/events{/privacy}",
        "received_events_url": "https://api.github.com/users/vshymanskyy/received_events",
        "type": "User",
        "site_admin": false
      },
      "open_issues": 0,
      "closed_issues": 4,
      "state": "open",
      "created_at": "2020-01-09T17:06:17Z",
      "updated_at": "2021-02-09T06:15:43Z",
      "due_on": null,
      "closed_at": null
    },
    "comments": 14,
    "created_at": "2020-01-09T14:07:28Z",
    "updated_at": "2020-01-27T07:32:09Z",
    "closed_at": "2020-01-27T07:32:09Z",
    "author_association": "NONE",
    "active_lock_reason": null,
    "body": "In which situation we need this and why it's not implemented yet?",
    "reactions": {
      "url": "https://api.github.com/repos/wasm3/wasm3/issues/40/reactions",
      "total_count": 0,
      "+1": 0,
      "-1": 0,
      "laugh": 0,
      "hooray": 0,
      "confused": 0,
      "heart": 0,
      "rocket": 0,
      "eyes": 0
    },
    "timeline_url": "https://api.github.com/repos/wasm3/wasm3/issues/40/timeline",
    "performed_via_github_app": null,
    "state_reason": "completed"
  }
]
